R_270c3(GST_1000nm)_VIS_InGaAs_CaF2,R_270c3(GST_1000nm)_VIS_InGaAs_CaF2
11997.51774 0.42943
11995.58919 0.42939
11993.66064 0.42912
11991.73208 0.42882
11989.80353 0.42867
11987.87498 0.4285
11985.94643 0.42832
11984.01788 0.42849
11982.08933 0.42883
11980.16078 0.42892
11978.23223 0.42873
11976.30367 0.4286
11974.37512 0.42862
11972.44657 0.42843
11970.51802 0.42827
11968.58947 0.42846
11966.66092 0.4287
11964.73237 0.4289
11962.80381 0.42886
11960.87526 0.42833
11958.94671 0.42792
11957.01816 0.42798
11955.08961 0.42828
11953.16106 0.42858
11951.23251 0.42865
11949.30396 0.42836
11947.3754 0.42811
11945.44685 0.42832
11943.5183 0.42879
11941.58975 0.42902
11939.6612 0.42898
11937.73265 0.4289
11935.8041 0.42896
11933.87555 0.42929
11931.94699 0.42939
11930.01844 0.4289
11928.08989 0.42837
11926.16134 0.42817
11924.23279 0.42826
11922.30424 0.42839
11920.37569 0.42831
11918.44713 0.4284
11916.51858 0.42882
11914.59003 0.42891
11912.66148 0.42855
11910.73293 0.42834
11908.80438 0.42855
11906.87583 0.42896
11904.94728 0.42916
11903.01872 0.42904
11901.09017 0.4288
11899.16162 0.42846
11897.23307 0.42813
11895.30452 0.42803
11893.37597 0.42821
11891.44742 0.4284
11889.51886 0.42847
11887.59031 0.42875
11885.66176 0.42924
11883.73321 0.42939
11881.80466 0.42913
11879.87611 0.42877
11877.94756 0.42839
11876.01901 0.42807
11874.09045 0.42808
11872.1619 0.42834
11870.23335 0.42844
11868.3048 0.42827
11866.37625 0.42828
11864.4477 0.42854
11862.51915 0.42876
11860.5906 0.42886
11858.66204 0.42881
11856.73349 0.42854
11854.80494 0.42833
11852.87639 0.42849
11850.94784 0.4289
11849.01929 0.42921
11847.09074 0.42927
11845.16218 0.42922
11843.23363 0.42913
11841.30508 0.42889
11839.37653 0.4286
11837.44798 0.42856
11835.51943 0.42868
11833.59088 0.42872
11831.66233 0.42884
11829.73377 0.42905
11827.80522 0.42894
11825.87667 0.42853
11823.94812 0.42836
11822.01957 0.42862
11820.09102 0.42879
11818.16247 0.42871
11816.23391 0.42862
11814.30536 0.42851
11812.37681 0.42827
11810.44826 0.42818
11808.51971 0.42835
11806.59116 0.42829
11804.66261 0.42803
11802.73406 0.42804
11800.8055 0.42823
11798.87695 0.42848
11796.9484 0.42881
11795.01985 0.429
11793.0913 0.42903
11791.16275 0.42889
11789.2342 0.42848
11787.30564 0.4281
11785.37709 0.42804
11783.44854 0.42806
11781.51999 0.42796
11779.59144 0.42786
11777.66289 0.42789
11775.73434 0.42803
11773.80579 0.42816
11771.87723 0.42818
11769.94868 0.42813
11768.02013 0.42824
11766.09158 0.42849
11764.16303 0.42858
11762.23448 0.42846
11760.30593 0.42828
11758.37738 0.42821
11756.44882 0.42811
11754.52027 0.428
11752.59172 0.4281
11750.66317 0.42818
11748.73462 0.42815
11746.80607 0.42822
11744.87752 0.42822
11742.94896 0.42792
11741.02041 0.42752
11739.09186 0.42752
11737.16331 0.42794
11735.23476 0.42828
11733.30621 0.42822
11731.37766 0.42788
11729.44911 0.4276
11727.52055 0.42745
11725.592 0.42747
11723.66345 0.42789
11721.7349 0.42858
11719.80635 0.42887
11717.8778 0.4285
11715.94925 0.42794
11714.02069 0.42759
11712.09214 0.42763
11710.16359 0.4279
11708.23504 0.42793
11706.30649 0.42779
11704.37794 0.42774
11702.44939 0.42787
11700.52084 0.42807
11698.59228 0.42815
11696.66373 0.42813
11694.73518 0.42801
11692.80663 0.42779
11690.87808 0.42789
11688.94953 0.42837
11687.02098 0.42852
11685.09243 0.42812
11683.16387 0.42776
11681.23532 0.42773
11679.30677 0.42779
11677.37822 0.42778
11675.44967 0.42802
11673.52112 0.42851
11671.59257 0.42873
11669.66401 0.42854
11667.73546 0.42824
11665.80691 0.42809
11663.87836 0.42821
11661.94981 0.42846
11660.02126 0.4285
11658.09271 0.42811
11656.16416 0.42774
11654.2356 0.42785
11652.30705 0.42801
11650.3785 0.42794
11648.44995 0.42792
11646.5214 0.42803
11644.59285 0.42819
11642.6643 0.42821
11640.73574 0.42794
11638.80719 0.42773
11636.87864 0.42784
11634.95009 0.42803
11633.02154 0.42815
11631.09299 0.42833
11629.16444 0.42844
11627.23589 0.42825
11625.30733 0.42795
11623.37878 0.42785
11621.45023 0.42799
11619.52168 0.4283
11617.59313 0.42855
11615.66458 0.42839
11613.73603 0.42811
11611.80748 0.42826
11609.87892 0.42866
11607.95037 0.42872
11606.02182 0.42849
11604.09327 0.4284
11602.16472 0.4284
11600.23617 0.42819
11598.30762 0.42778
11596.37906 0.4274
11594.45051 0.42729
11592.52196 0.42753
11590.59341 0.42798
11588.66486 0.42826
11586.73631 0.42816
11584.80776 0.42801
11582.87921 0.42812
11580.95065 0.42825
11579.0221 0.4282
11577.09355 0.42819
11575.165 0.42827
11573.23645 0.42833
11571.3079 0.42839
11569.37935 0.42849
11567.45079 0.42846
11565.52224 0.42822
11563.59369 0.4281
11561.66514 0.42827
11559.73659 0.4286
11557.80804 0.42889
11555.87949 0.42891
11553.95094 0.42858
11552.02238 0.42808
11550.09383 0.42785
11548.16528 0.42792
11546.23673 0.42794
11544.30818 0.42798
11542.37963 0.42823
11540.45108 0.42853
11538.52253 0.4287
11536.59397 0.42877
11534.66542 0.42864
11532.73687 0.42844
11530.80832 0.4284
11528.87977 0.42828
11526.95122 0.42798
11525.02267 0.42782
11523.09411 0.42787
11521.16556 0.42784
11519.23701 0.42776
11517.30846 0.42784
11515.37991 0.42803
11513.45136 0.42821
11511.52281 0.42829
11509.59426 0.42819
11507.6657 0.42793
11505.73715 0.42769
11503.8086 0.42753
11501.88005 0.42748
11499.9515 0.42756
11498.02295 0.4276
11496.0944 0.42757
11494.16584 0.42753
11492.23729 0.42753
11490.30874 0.42767
11488.38019 0.42788
11486.45164 0.42798
11484.52309 0.42785
11482.59454 0.42754
11480.66599 0.42736
11478.73743 0.42743
11476.80888 0.42778
11474.88033 0.42823
11472.95178 0.4284
11471.02323 0.42828
11469.09468 0.42818
11467.16613 0.42815
11465.23758 0.42797
11463.30902 0.4277
11461.38047 0.42747
11459.45192 0.42732
11457.52337 0.42733
11455.59482 0.42758
11453.66627 0.42793
11451.73772 0.42801
11449.80916 0.42792
11447.88061 0.42797
11445.95206 0.42795
11444.02351 0.4277
11442.09496 0.42753
11440.16641 0.42745
11438.23786 0.42737
11436.30931 0.42749
11434.38075 0.42769
11432.4522 0.42773
11430.52365 0.42765
11428.5951 0.42762
11426.66655 0.42767
11424.738 0.4278
11422.80945 0.42799
11420.88089 0.428
11418.95234 0.42765
11417.02379 0.42725
11415.09524 0.42711
11413.16669 0.42721
11411.23814 0.42734
11409.30959 0.4275
11407.38104 0.42775
11405.45248 0.42793
11403.52393 0.42806
11401.59538 0.42815
11399.66683 0.42808
11397.73828 0.42797
11395.80973 0.42798
11393.88118 0.4279
11391.95263 0.42773
11390.02407 0.42772
11388.09552 0.42788
11386.16697 0.42798
11384.23842 0.42793
11382.30987 0.42787
11380.38132 0.42792
11378.45277 0.42795
11376.52421 0.42784
11374.59566 0.42783
11372.66711 0.42805
11370.73856 0.42824
11368.81001 0.42823
11366.88146 0.42806
11364.95291 0.42787
11363.02436 0.42789
11361.0958 0.42806
11359.16725 0.4281
11357.2387 0.42803
11355.31015 0.42789
11353.3816 0.42771
11351.45305 0.42767
11349.5245 0.42787
11347.59594 0.42809
11345.66739 0.42817
11343.73884 0.42814
11341.81029 0.42804
11339.88174 0.42799
11337.95319 0.42809
11336.02464 0.42808
11334.09609 0.42795
11332.16753 0.42791
11330.23898 0.42793
11328.31043 0.42786
11326.38188 0.42762
11324.45333 0.4274
11322.52478 0.42744
11320.59623 0.42753
11318.66768 0.42751
11316.73912 0.42753
11314.81057 0.42755
11312.88202 0.42746
11310.95347 0.42729
11309.02492 0.42714
11307.09637 0.42709
11305.16782 0.4272
11303.23926 0.4275
11301.31071 0.42785
11299.38216 0.42807
11297.45361 0.42811
11295.52506 0.42798
11293.59651 0.42776
11291.66796 0.42759
11289.73941 0.42753
11287.81085 0.4276
11285.8823 0.42779
11283.95375 0.42794
11282.0252 0.42792
11280.09665 0.42779
11278.1681 0.42757
11276.23955 0.42744
11274.31099 0.42766
11272.38244 0.42792
11270.45389 0.42785
11268.52534 0.4276
11266.59679 0.42756
11264.66824 0.4277
11262.73969 0.42768
11260.81114 0.42744
11258.88258 0.42722
11256.95403 0.42719
11255.02548 0.42729
11253.09693 0.42733
11251.16838 0.42731
11249.23983 0.42739
11247.31128 0.42742
11245.38273 0.42729
11243.45417 0.42723
11241.52562 0.42731
11239.59707 0.42745
11237.66852 0.42757
11235.73997 0.42753
11233.81142 0.4274
11231.88287 0.42738
11229.95431 0.42743
11228.02576 0.42744
11226.09721 0.42746
11224.16866 0.42756
11222.24011 0.4276
11220.31156 0.42747
11218.38301 0.42734
11216.45446 0.42728
11214.5259 0.42721
11212.59735 0.42725
11210.6688 0.4274
11208.74025 0.42748
11206.8117 0.42739
11204.88315 0.42735
11202.9546 0.42747
11201.02604 0.42748
11199.09749 0.42725
11197.16894 0.42704
11195.24039 0.42697
11193.31184 0.42705
11191.38329 0.42721
11189.45474 0.42732
11187.52619 0.42729
11185.59763 0.42724
11183.66908 0.42721
11181.74053 0.42702
11179.81198 0.4268
11177.88343 0.42688
11175.95488 0.42714
11174.02633 0.42728
11172.09778 0.42725
11170.16922 0.42715
11168.24067 0.42709
11166.31212 0.42715
11164.38357 0.42728
11162.45502 0.42728
11160.52647 0.42719
11158.59792 0.42715
11156.66936 0.42709
11154.74081 0.42706
11152.81226 0.4271
11150.88371 0.42712
11148.95516 0.4271
11147.02661 0.427
11145.09806 0.4268
11143.16951 0.42669
11141.24095 0.42685
11139.3124 0.42706
11137.38385 0.42709
11135.4553 0.42702
11133.52675 0.427
11131.5982 0.42701
11129.66965 0.42704
11127.74109 0.42706
11125.81254 0.42703
11123.88399 0.42693
11121.95544 0.42683
11120.02689 0.42678
11118.09834 0.4268
11116.16979 0.42685
11114.24124 0.42682
11112.31268 0.4268
11110.38413 0.42688
11108.45558 0.42688
11106.52703 0.42682
11104.59848 0.42685
11102.66993 0.42688
11100.74138 0.42678
11098.81283 0.42662
11096.88427 0.42654
11094.95572 0.42658
11093.02717 0.42661
11091.09862 0.42662
11089.17007 0.4267
11087.24152 0.42673
11085.31297 0.42659
11083.38441 0.42646
11081.45586 0.42653
11079.52731 0.42672
11077.59876 0.42689
11075.67021 0.42693
11073.74166 0.42679
11071.81311 0.42664
11069.88456 0.42664
11067.956 0.42665
11066.02745 0.42654
11064.0989 0.42644
11062.17035 0.4265
11060.2418 0.4266
11058.31325 0.4266
11056.3847 0.42664
11054.45614 0.42677
11052.52759 0.42676
11050.59904 0.42655
11048.67049 0.42643
11046.74194 0.42649
11044.81339 0.42651
11042.88484 0.42644
11040.95629 0.42638
11039.02773 0.42632
11037.09918 0.42621
11035.17063 0.42618
11033.24208 0.42628
11031.31353 0.42641
11029.38498 0.42648
11027.45643 0.42647
11025.52788 0.42643
11023.59932 0.42643
11021.67077 0.42648
11019.74222 0.42648
11017.81367 0.42639
11015.88512 0.42628
11013.95657 0.4262
11012.02802 0.42631
11010.09946 0.42653
11008.17091 0.42663
11006.24236 0.42659
11004.31381 0.42649
11002.38526 0.42639
11000.45671 0.42628
10998.52816 0.42622
10996.59961 0.42619
10994.67105 0.42618
10992.7425 0.42629
10990.81395 0.42644
10988.8854 0.42645
10986.95685 0.42636
10985.0283 0.42631
10983.09975 0.42635
10981.17119 0.42646
10979.24264 0.42655
10977.31409 0.42661
10975.38554 0.42654
10973.45699 0.42634
10971.52844 0.42623
10969.59989 0.42627
10967.67134 0.42631
10965.74278 0.4263
10963.81423 0.42635
10961.88568 0.42651
10959.95713 0.42655
10958.02858 0.42641
10956.10003 0.42625
10954.17148 0.42622
10952.24293 0.42632
10950.31437 0.42637
10948.38582 0.4263
10946.45727 0.42624
10944.52872 0.42618
10942.60017 0.4261
10940.67162 0.42609
10938.74307 0.42613
10936.81451 0.42609
10934.88596 0.426
10932.95741 0.42599
10931.02886 0.42602
10929.10031 0.42597
10927.17176 0.42592
10925.24321 0.42599
10923.31466 0.42611
10921.3861 0.42615
10919.45755 0.42617
10917.529 0.42622
10915.60045 0.42622
10913.6719 0.42623
10911.74335 0.42631
10909.8148 0.42631
10907.88624 0.42622
10905.95769 0.42619
10904.02914 0.42622
10902.10059 0.42618
10900.17204 0.42613
10898.24349 0.42616
10896.31494 0.42621
10894.38639 0.42625
10892.45783 0.42633
10890.52928 0.4264
10888.60073 0.42635
10886.67218 0.42628
10884.74363 0.42624
10882.81508 0.42615
10880.88653 0.42608
10878.95798 0.42606
10877.02942 0.42603
10875.10087 0.42608
10873.17232 0.42623
10871.24377 0.42628
10869.31522 0.42623
10867.38667 0.42618
10865.45812 0.42623
10863.52956 0.4263
10861.60101 0.42632
10859.67246 0.42633
10857.74391 0.42626
10855.81536 0.42609
10853.88681 0.42591
10851.95826 0.42588
10850.02971 0.42597
10848.10115 0.42606
10846.1726 0.42607
10844.24405 0.42603
10842.3155 0.42597
10840.38695 0.42595
10838.4584 0.42599
10836.52985 0.42603
10834.60129 0.42607
10832.67274 0.42609
10830.74419 0.42602
10828.81564 0.42592
10826.88709 0.42596
10824.95854 0.42604
10823.02999 0.42602
10821.10144 0.42595
10819.17288 0.42594
10817.24433 0.42597
10815.31578 0.4259
10813.38723 0.42584
10811.45868 0.42583
10809.53013 0.42582
10807.60158 0.42585
10805.67303 0.42587
10803.74447 0.42583
10801.81592 0.42585
10799.88737 0.42593
10797.95882 0.42595
10796.03027 0.42593
10794.10172 0.42596
10792.17317 0.42597
10790.24461 0.42588
10788.31606 0.4258
10786.38751 0.42581
10784.45896 0.42587
10782.53041 0.4259
10780.60186 0.4259
10778.67331 0.42585
10776.74476 0.42581
10774.8162 0.42583
10772.88765 0.42585
10770.9591 0.42589
10769.03055 0.42593
10767.102 0.42594
10765.17345 0.42594
10763.2449 0.4259
10761.31634 0.42579
10759.38779 0.42563
10757.45924 0.42555
10755.53069 0.42559
10753.60214 0.42562
10751.67359 0.42561
10749.74504 0.4256
10747.81649 0.42561
10745.88793 0.42572
10743.95938 0.42587
10742.03083 0.4259
10740.10228 0.42585
10738.17373 0.42585
10736.24518 0.42588
10734.31663 0.42583
10732.38807 0.42568
10730.45952 0.42558
10728.53097 0.42556
10726.60242 0.42557
10724.67387 0.42555
10722.74532 0.42551
10720.81677 0.42553
10718.88822 0.42563
10716.95966 0.42571
10715.03111 0.42572
10713.10256 0.42567
10711.17401 0.42561
10709.24546 0.4256
10707.31691 0.42572
10705.38836 0.4258
10703.45981 0.42575
10701.53125 0.42565
10699.6027 0.4256
10697.67415 0.42555
10695.7456 0.42553
10693.81705 0.42556
10691.8885 0.42558
10689.95995 0.42556
10688.03139 0.42553
10686.10284 0.42546
10684.17429 0.42536
10682.24574 0.42533
10680.31719 0.42543
10678.38864 0.42549
10676.46009 0.42538
10674.53154 0.42525
10672.60298 0.42524
10670.67443 0.42531
10668.74588 0.42535
10666.81733 0.42535
10664.88878 0.42536
10662.96023 0.42541
10661.03168 0.42549
10659.10312 0.42554
10657.17457 0.4255
10655.24602 0.42539
10653.31747 0.42526
10651.38892 0.42515
10649.46037 0.42511
10647.53182 0.42511
10645.60327 0.42515
10643.67471 0.42521
10641.74616 0.42523
10639.81761 0.4252
10637.88906 0.42514
10635.96051 0.42509
10634.03196 0.42511
10632.10341 0.42518
10630.17486 0.42515
10628.2463 0.42508
10626.31775 0.42509
10624.3892 0.42518
10622.46065 0.42524
10620.5321 0.42517
10618.60355 0.42505
10616.675 0.42496
10614.74644 0.42495
10612.81789 0.42498
10610.88934 0.42501
10608.96079 0.42505
10607.03224 0.42505
10605.10369 0.42499
10603.17514 0.42492
10601.24659 0.42493
10599.31803 0.42494
10597.38948 0.42492
10595.46093 0.42492
10593.53238 0.42495
10591.60383 0.42498
10589.67528 0.42499
10587.74673 0.42492
10585.81817 0.42479
10583.88962 0.42471
10581.96107 0.42472
10580.03252 0.42478
10578.10397 0.42483
10576.17542 0.42491
10574.24687 0.42499
10572.31832 0.42499
10570.38976 0.42489
10568.46121 0.42483
10566.53266 0.42484
10564.60411 0.42482
10562.67556 0.42478
10560.74701 0.4248
10558.81846 0.42486
10556.88991 0.42491
10554.96135 0.42493
10553.0328 0.42488
10551.10425 0.42481
10549.1757 0.42479
10547.24715 0.42478
10545.3186 0.42472
10543.39005 0.42464
10541.46149 0.42458
10539.53294 0.4246
10537.60439 0.42467
10535.67584 0.42472
10533.74729 0.42472
10531.81874 0.42473
10529.89019 0.42474
10527.96164 0.42469
10526.03308 0.4246
10524.10453 0.42454
10522.17598 0.42451
10520.24743 0.42448
10518.31888 0.42446
10516.39033 0.42445
10514.46178 0.42442
10512.53322 0.4244
10510.60467 0.4244
10508.67612 0.42444
10506.74757 0.42452
10504.81902 0.42458
10502.89047 0.42458
10500.96192 0.42458
10499.03337 0.42459
10497.10481 0.42456
10495.17626 0.42452
10493.24771 0.42449
10491.31916 0.42449
10489.39061 0.42454
10487.46206 0.42465
10485.53351 0.42472
10483.60496 0.42465
10481.6764 0.42448
10479.74785 0.42437
10477.8193 0.42441
10475.89075 0.42451
10473.9622 0.42458
10472.03365 0.42462
10470.1051 0.42465
10468.17654 0.42464
10466.24799 0.42455
10464.31944 0.42444
10462.39089 0.42438
10460.46234 0.42435
10458.53379 0.42428
10456.60524 0.42422
10454.67669 0.42422
10452.74813 0.42424
10450.81958 0.42425
10448.89103 0.42428
10446.96248 0.42431
10445.03393 0.42433
10443.10538 0.42436
10441.17683 0.42441
10439.24827 0.42445
10437.31972 0.42443
10435.39117 0.4244
10433.46262 0.42438
10431.53407 0.42435
10429.60552 0.42431
10427.67697 0.42425
10425.74842 0.4242
10423.81986 0.42418
10421.89131 0.42417
10419.96276 0.42414
10418.03421 0.42412
10416.10566 0.42411
10414.17711 0.42411
10412.24856 0.42416
10410.32001 0.42421
10408.39145 0.42418
10406.4629 0.42412
10404.53435 0.42407
10402.6058 0.42404
10400.67725 0.42407
10398.7487 0.42413
10396.82015 0.42418
10394.89159 0.42415
10392.96304 0.42407
10391.03449 0.42404
10389.10594 0.42403
10387.17739 0.42403
10385.24884 0.42403
10383.32029 0.42402
10381.39174 0.424
10379.46318 0.42397
10377.53463 0.42394
10375.60608 0.42393
10373.67753 0.42394
10371.74898 0.42398
10369.82043 0.42399
10367.89188 0.42393
10365.96332 0.42386
10364.03477 0.42381
10362.10622 0.42379
10360.17767 0.42376
10358.24912 0.42373
10356.32057 0.42373
10354.39202 0.42378
10352.46347 0.42383
10350.53491 0.42384
10348.60636 0.42384
10346.67781 0.42381
10344.74926 0.42378
10342.82071 0.42378
10340.89216 0.42382
10338.96361 0.42382
10337.03506 0.4238
10335.1065 0.42378
10333.17795 0.42378
10331.2494 0.4238
10329.32085 0.42384
10327.3923 0.42386
10325.46375 0.42385
10323.5352 0.42387
10321.60664 0.42394
10319.67809 0.42395
10317.74954 0.4239
10315.82099 0.42387
10313.89244 0.42389
10311.96389 0.4239
10310.03534 0.4239
10308.10679 0.42388
10306.17823 0.42391
10304.24968 0.42393
10302.32113 0.42393
10300.39258 0.42395
10298.46403 0.42398
10296.53548 0.42392
10294.60693 0.42385
10292.67837 0.42383
10290.74982 0.42379
10288.82127 0.42373
10286.89272 0.42374
10284.96417 0.4238
10283.03562 0.42381
10281.10707 0.4238
10279.17852 0.42384
10277.24996 0.42389
10275.32141 0.42388
10273.39286 0.42385
10271.46431 0.42387
10269.53576 0.42392
10267.60721 0.42392
10265.67866 0.42385
10263.75011 0.42378
10261.82155 0.42373
10259.893 0.42367
10257.96445 0.42358
10256.0359 0.42352
10254.10735 0.42351
10252.1788 0.42354
10250.25025 0.42362
10248.32169 0.42371
10246.39314 0.42375
10244.46459 0.42375
10242.53604 0.4237
10240.60749 0.42366
10238.67894 0.42366
10236.75039 0.42362
10234.82184 0.42353
10232.89328 0.42348
10230.96473 0.42353
10229.03618 0.42363
10227.10763 0.42373
10225.17908 0.42373
10223.25053 0.42367
10221.32198 0.42362
10219.39342 0.42358
10217.46487 0.42351
10215.53632 0.42343
10213.60777 0.42341
10211.67922 0.42343
10209.75067 0.42339
10207.82212 0.42335
10205.89357 0.42341
10203.96501 0.42349
10202.03646 0.42352
10200.10791 0.42353
10198.17936 0.42356
10196.25081 0.42355
10194.32226 0.42351
10192.39371 0.42346
10190.46516 0.42344
10188.5366 0.42345
10186.60805 0.42343
10184.6795 0.42339
10182.75095 0.42335
10180.8224 0.42331
10178.89385 0.42326
10176.9653 0.4232
10175.03674 0.42314
10173.10819 0.42314
10171.17964 0.42319
10169.25109 0.42323
10167.32254 0.42325
10165.39399 0.42331
10163.46544 0.42333
10161.53689 0.42327
10159.60833 0.42318
10157.67978 0.42313
10155.75123 0.42318
10153.82268 0.42324
10151.89413 0.42321
10149.96558 0.4231
10148.03703 0.423
10146.10847 0.42297
10144.17992 0.42304
10142.25137 0.42309
10140.32282 0.42307
10138.39427 0.42305
10136.46572 0.42309
10134.53717 0.42313
10132.60862 0.42316
10130.68006 0.42318
10128.75151 0.42317
10126.82296 0.42315
10124.89441 0.42313
10122.96586 0.42309
10121.03731 0.42308
10119.10876 0.42309
10117.18021 0.42307
10115.25165 0.42302
10113.3231 0.42299
10111.39455 0.423
10109.466 0.423
10107.53745 0.42298
10105.6089 0.42297
10103.68035 0.42297
10101.75179 0.42297
10099.82324 0.42296
10097.89469 0.42295
10095.96614 0.42297
10094.03759 0.42299
10092.10904 0.42294
10090.18049 0.42291
10088.25194 0.42292
10086.32338 0.42294
10084.39483 0.42292
10082.46628 0.4229
10080.53773 0.4229
10078.60918 0.4229
10076.68063 0.4229
10074.75208 0.42293
10072.82352 0.42299
10070.89497 0.423
10068.96642 0.42296
10067.03787 0.42295
10065.10932 0.42296
10063.18077 0.42293
10061.25222 0.42291
10059.32367 0.42294
10057.39511 0.42298
10055.46656 0.42296
10053.53801 0.42288
10051.60946 0.42281
10049.68091 0.42275
10047.75236 0.42271
10045.82381 0.42273
10043.89526 0.42274
10041.9667 0.4227
10040.03815 0.42265
10038.1096 0.42266
10036.18105 0.42271
10034.2525 0.42274
10032.32395 0.42272
10030.3954 0.42267
10028.46684 0.42264
10026.53829 0.4226
10024.60974 0.42259
10022.68119 0.42258
10020.75264 0.42259
10018.82409 0.42262
10016.89554 0.42268
10014.96699 0.42268
10013.03843 0.42264
10011.10988 0.42261
10009.18133 0.42258
10007.25278 0.42259
10005.32423 0.42261
10003.39568 0.42262
10001.46713 0.42261
9999.53857 0.42261
9997.61002 0.42259
9995.68147 0.42257
9993.75292 0.42256
9991.82437 0.42258
9989.89582 0.42262
9987.96727 0.42267
9986.03872 0.42268
9984.11016 0.42263
9982.18161 0.42257
9980.25306 0.42255
9978.32451 0.42256
9976.39596 0.42255
9974.46741 0.42249
9972.53886 0.42241
9970.61031 0.4224
9968.68175 0.42248
9966.7532 0.42254
9964.82465 0.42253
9962.8961 0.42253
9960.96755 0.42255
9959.039 0.42256
9957.11045 0.42254
9955.18189 0.42253
9953.25334 0.42253
9951.32479 0.4225
9949.39624 0.42245
9947.46769 0.42242
9945.53914 0.4224
9943.61059 0.42239
9941.68204 0.42237
9939.75348 0.42236
9937.82493 0.42238
9935.89638 0.42239
9933.96783 0.42234
9932.03928 0.42227
9930.11073 0.42223
9928.18218 0.42224
9926.25362 0.42226
9924.32507 0.42226
9922.39652 0.42226
9920.46797 0.42227
9918.53942 0.42227
9916.61087 0.42224
9914.68232 0.4222
9912.75377 0.42222
9910.82521 0.42228
9908.89666 0.4223
9906.96811 0.42228
9905.03956 0.42227
9903.11101 0.42227
9901.18246 0.42225
9899.25391 0.42222
9897.32536 0.42219
9895.3968 0.42216
9893.46825 0.42213
9891.5397 0.42211
9889.61115 0.42214
9887.6826 0.42218
9885.75405 0.42218
9883.8255 0.42217
9881.89694 0.42219
9879.96839 0.42221
9878.03984 0.42223
9876.11129 0.42225
9874.18274 0.42224
9872.25419 0.42221
9870.32564 0.42216
9868.39709 0.42214
9866.46853 0.42213
9864.53998 0.42214
9862.61143 0.42216
9860.68288 0.42217
9858.75433 0.42215
9856.82578 0.42213
9854.89723 0.42209
9852.96867 0.42204
9851.04012 0.422
9849.11157 0.422
9847.18302 0.42202
9845.25447 0.42205
9843.32592 0.42206
9841.39737 0.42203
9839.46882 0.42199
9837.54026 0.42196
9835.61171 0.42194
9833.68316 0.42192
9831.75461 0.42191
9829.82606 0.42191
9827.89751 0.42193
9825.96896 0.42195
9824.04041 0.42196
9822.11185 0.42196
9820.1833 0.42196
9818.25475 0.42196
9816.3262 0.42194
9814.39765 0.4219
9812.4691 0.42189
9810.54055 0.42188
9808.61199 0.42186
9806.68344 0.42186
9804.75489 0.42187
9802.82634 0.42188
9800.89779 0.42189
9798.96924 0.42191
9797.04069 0.42194
9795.11214 0.42195
9793.18358 0.42196
9791.25503 0.42194
9789.32648 0.42187
9787.39793 0.42178
9785.46938 0.42173
9783.54083 0.42173
9781.61228 0.42173
9779.68372 0.4217
9777.75517 0.4217
9775.82662 0.42173
9773.89807 0.42175
9771.96952 0.42176
9770.04097 0.42175
9768.11242 0.42173
9766.18387 0.42168
9764.25531 0.42162
9762.32676 0.42162
9760.39821 0.42165
9758.46966 0.42168
9756.54111 0.4217
9754.61256 0.42169
9752.68401 0.42167
9750.75546 0.42165
9748.8269 0.42163
9746.89835 0.42162
9744.9698 0.42162
9743.04125 0.42161
9741.1127 0.4216
9739.18415 0.42161
9737.2556 0.42162
9735.32704 0.42162
9733.39849 0.42159
9731.46994 0.42157
9729.54139 0.42155
9727.61284 0.4215
9725.68429 0.42146
9723.75574 0.42145
9721.82719 0.42147
9719.89863 0.42147
9717.97008 0.42147
9716.04153 0.42152
9714.11298 0.42154
9712.18443 0.42154
9710.25588 0.42154
9708.32733 0.42155
9706.39877 0.42154
9704.47022 0.42153
9702.54167 0.4215
9700.61312 0.42146
9698.68457 0.42146
9696.75602 0.42151
9694.82747 0.42156
9692.89892 0.4216
9690.97036 0.42162
9689.04181 0.42158
9687.11326 0.4215
9685.18471 0.42146
9683.25616 0.42142
9681.32761 0.42136
9679.39906 0.42134
9677.4705 0.42135
9675.54195 0.42138
9673.6134 0.4214
9671.68485 0.42139
9669.7563 0.42136
9667.82775 0.42134
9665.8992 0.42133
9663.97065 0.4213
9662.04209 0.42129
9660.11354 0.42129
9658.18499 0.4213
9656.25644 0.42133
9654.32789 0.42135
9652.39934 0.42134
9650.47079 0.42134
9648.54224 0.42134
9646.61368 0.42133
9644.68513 0.42132
9642.75658 0.42131
9640.82803 0.42129
9638.89948 0.42125
9636.97093 0.42123
9635.04238 0.42124
9633.11382 0.42125
9631.18527 0.42122
9629.25672 0.42117
9627.32817 0.42114
9625.39962 0.42116
9623.47107 0.42121
9621.54252 0.4212
9619.61397 0.42117
9617.68541 0.42115
9615.75686 0.42114
9613.82831 0.42113
9611.89976 0.42111
9609.97121 0.42109
9608.04266 0.42109
9606.11411 0.42109
9604.18555 0.42109
9602.257 0.42108
9600.32845 0.42107
9598.3999 0.42103
9596.47135 0.42099
9594.5428 0.42098
9592.61425 0.42098
9590.6857 0.42099
9588.75714 0.42103
9586.82859 0.42108
9584.90004 0.42113
9582.97149 0.42119
9581.04294 0.42123
9579.11439 0.42122
9577.18584 0.4212
9575.25729 0.4212
9573.32873 0.42118
9571.40018 0.42114
9569.47163 0.4211
9567.54308 0.42105
9565.61453 0.42101
9563.68598 0.42099
9561.75743 0.42097
9559.82887 0.42096
9557.90032 0.42094
9555.97177 0.42089
9554.04322 0.42084
9552.11467 0.42082
9550.18612 0.42083
9548.25757 0.42083
9546.32902 0.42083
9544.40046 0.42082
9542.47191 0.42081
9540.54336 0.42081
9538.61481 0.42082
9536.68626 0.42083
9534.75771 0.42082
9532.82916 0.4208
9530.9006 0.42079
9528.97205 0.42077
9527.0435 0.42073
9525.11495 0.4207
9523.1864 0.4207
9521.25785 0.42071
9519.3293 0.42071
9517.40075 0.42071
9515.47219 0.4207
9513.54364 0.42069
9511.61509 0.42067
9509.68654 0.42069
9507.75799 0.42071
9505.82944 0.42071
9503.90089 0.42068
9501.97234 0.42064
9500.04378 0.42062
9498.11523 0.42061
9496.18668 0.42064
9494.25813 0.42066
9492.32958 0.42065
9490.40103 0.42065
9488.47248 0.42065
9486.54392 0.42066
9484.61537 0.42067
9482.68682 0.4207
9480.75827 0.42075
9478.82972 0.42077
9476.90117 0.42074
9474.97262 0.4207
9473.04407 0.42066
9471.11551 0.42061
9469.18696 0.42056
9467.25841 0.42051
9465.32986 0.42047
9463.40131 0.42045
9461.47276 0.42044
9459.54421 0.42044
9457.61565 0.42042
9455.6871 0.42037
9453.75855 0.42032
9451.83 0.42032
9449.90145 0.42036
9447.9729 0.42039
9446.04435 0.4204
9444.1158 0.42041
9442.18724 0.42043
9440.25869 0.42042
9438.33014 0.42039
9436.40159 0.42038
9434.47304 0.42038
9432.54449 0.42036
9430.61594 0.42032
9428.68739 0.42027
9426.75883 0.42023
9424.83028 0.42022
9422.90173 0.42023
9420.97318 0.42026
9419.04463 0.4203
9417.11608 0.42034
9415.18753 0.42032
9413.25897 0.42027
9411.33042 0.42024
9409.40187 0.4202
9407.47332 0.42017
9405.54477 0.42016
9403.61622 0.42016
9401.68767 0.42017
9399.75912 0.42019
9397.83056 0.4202
9395.90201 0.42018
9393.97346 0.42014
9392.04491 0.42009
9390.11636 0.42008
9388.18781 0.42007
9386.25926 0.42004
9384.3307 0.42001
9382.40215 0.42001
9380.4736 0.42002
9378.54505 0.41999
9376.6165 0.41997
9374.68795 0.41996
9372.7594 0.41997
9370.83085 0.42
9368.90229 0.42002
9366.97374 0.42
9365.04519 0.41996
9363.11664 0.41996
9361.18809 0.41998
9359.25954 0.41998
9357.33099 0.41999
9355.40244 0.42001
9353.47388 0.42
9351.54533 0.41996
9349.61678 0.41991
9347.68823 0.41986
9345.75968 0.41981
9343.83113 0.41977
9341.90258 0.41975
9339.97402 0.41972
9338.04547 0.41969
9336.11692 0.41968
9334.18837 0.41969
9332.25982 0.4197
9330.33127 0.41973
9328.40272 0.41976
9326.47417 0.41978
9324.54561 0.41978
9322.61706 0.41978
9320.68851 0.4198
9318.75996 0.41983
9316.83141 0.41983
9314.90286 0.41981
9312.97431 0.4198
9311.04575 0.4198
9309.1172 0.41978
9307.18865 0.41972
9305.2601 0.41967
9303.33155 0.41968
9301.403 0.41972
9299.47445 0.41973
9297.5459 0.41971
9295.61734 0.41969
9293.68879 0.41965
9291.76024 0.41961
9289.83169 0.41958
9287.90314 0.41956
9285.97459 0.41955
9284.04604 0.41953
9282.11749 0.41949
9280.18893 0.41943
9278.26038 0.41937
9276.33183 0.41932
9274.40328 0.41933
9272.47473 0.41936
9270.54618 0.41939
9268.61763 0.4194
9266.68907 0.41943
9264.76052 0.41944
9262.83197 0.41944
9260.90342 0.41945
9258.97487 0.41946
9257.04632 0.41944
9255.11777 0.41942
9253.18922 0.41937
9251.26066 0.41932
9249.33211 0.41928
9247.40356 0.41925
9245.47501 0.41924
9243.54646 0.41925
9241.61791 0.41928
9239.68936 0.41931
9237.7608 0.41932
9235.83225 0.41933
9233.9037 0.41935
9231.97515 0.41936
9230.0466 0.41936
9228.11805 0.41933
9226.1895 0.41931
9224.26095 0.41929
9222.33239 0.41929
9220.40384 0.41931
9218.47529 0.41931
9216.54674 0.4193
9214.61819 0.41927
9212.68964 0.41925
9210.76109 0.41922
9208.83254 0.41919
9206.90398 0.41918
9204.97543 0.41918
9203.04688 0.41918
9201.11833 0.41915
9199.18978 0.4191
9197.26123 0.41907
9195.33268 0.41908
9193.40412 0.41908
9191.47557 0.41904
9189.54702 0.41901
9187.61847 0.419
9185.68992 0.419
9183.76137 0.41898
9181.83282 0.41895
9179.90427 0.41891
9177.97571 0.41887
9176.04716 0.41887
9174.11861 0.4189
9172.19006 0.41892
9170.26151 0.41893
9168.33296 0.41896
9166.40441 0.41896
9164.47585 0.41893
9162.5473 0.4189
9160.61875 0.41888
9158.6902 0.41887
9156.76165 0.41885
9154.8331 0.41884
9152.90455 0.41884
9150.976 0.41883
9149.04744 0.41883
9147.11889 0.41882
9145.19034 0.41881
9143.26179 0.41879
9141.33324 0.41875
9139.40469 0.4187
9137.47614 0.41867
9135.54759 0.41866
9133.61903 0.41866
9131.69048 0.41866
9129.76193 0.41866
9127.83338 0.41864
9125.90483 0.41863
9123.97628 0.41863
9122.04773 0.41861
9120.11917 0.41859
9118.19062 0.41857
9116.26207 0.41856
9114.33352 0.41857
9112.40497 0.41858
9110.47642 0.41858
9108.54787 0.41857
9106.61932 0.41855
9104.69076 0.41852
9102.76221 0.41847
9100.83366 0.41842
9098.90511 0.41839
9096.97656 0.4184
9095.04801 0.41841
9093.11946 0.41843
9091.1909 0.41844
9089.26235 0.41845
9087.3338 0.41845
9085.40525 0.41844
9083.4767 0.41841
9081.54815 0.41841
9079.6196 0.41843
9077.69105 0.41842
9075.76249 0.41841
9073.83394 0.41843
9071.90539 0.41844
9069.97684 0.41843
9068.04829 0.41841
9066.11974 0.41838
9064.19119 0.41835
9062.26264 0.41834
9060.33408 0.41833
9058.40553 0.4183
9056.47698 0.41828
9054.54843 0.41828
9052.61988 0.41829
9050.69133 0.41831
9048.76278 0.41831
9046.83422 0.41829
9044.90567 0.41827
9042.97712 0.41827
9041.04857 0.41825
9039.12002 0.41823
9037.19147 0.41821
9035.26292 0.41819
9033.33437 0.41819
9031.40581 0.41819
9029.47726 0.41818
9027.54871 0.41817
9025.62016 0.41817
9023.69161 0.41817
9021.76306 0.41816
9019.83451 0.41811
9017.90595 0.41808
9015.9774 0.41808
9014.04885 0.41808
9012.1203 0.41809
9010.19175 0.41807
9008.2632 0.41804
9006.33465 0.41801
9004.4061 0.41799
9002.47754 0.41796
9000.54899 0.41793
8998.62044 0.41793
8996.69189 0.41797
8994.76334 0.41801
8992.83479 0.41803
8990.90624 0.41803
8988.97769 0.418
8987.04913 0.41795
8985.12058 0.41792
8983.19203 0.4179
8981.26348 0.41792
8979.33493 0.41794
8977.40638 0.41794
8975.47783 0.41792
8973.54927 0.41792
8971.62072 0.41792
8969.69217 0.4179
8967.76362 0.41789
8965.83507 0.41789
8963.90652 0.41788
8961.97797 0.41786
8960.04942 0.41784
8958.12086 0.41783
8956.19231 0.41783
8954.26376 0.41783
8952.33521 0.41781
8950.40666 0.41779
8948.47811 0.41776
8946.54956 0.41774
8944.621 0.41775
8942.69245 0.41777
8940.7639 0.41776
8938.83535 0.41774
8936.9068 0.41775
8934.97825 0.41775
8933.0497 0.41772
8931.12115 0.41767
8929.19259 0.41761
8927.26404 0.41757
8925.33549 0.41759
8923.40694 0.41762
8921.47839 0.41762
8919.54984 0.4176
8917.62129 0.41757
8915.69274 0.41753
8913.76418 0.41751
8911.83563 0.41749
8909.90708 0.41751
8907.97853 0.41753
8906.04998 0.41751
8904.12143 0.41748
8902.19288 0.41746
8900.26432 0.41747
8898.33577 0.41744
8896.40722 0.41741
8894.47867 0.41739
8892.55012 0.4174
8890.62157 0.41742
8888.69302 0.41743
8886.76447 0.41745
8884.83591 0.41746
8882.90736 0.41745
8880.97881 0.41743
8879.05026 0.4174
8877.12171 0.41735
8875.19316 0.41731
8873.26461 0.41728
8871.33605 0.41728
8869.4075 0.41729
8867.47895 0.41731
8865.5504 0.41731
8863.62185 0.41729
8861.6933 0.41725
8859.76475 0.41722
8857.8362 0.4172
8855.90764 0.4172
8853.97909 0.41723
8852.05054 0.41725
8850.12199 0.41727
8848.19344 0.41727
8846.26489 0.41723
8844.33634 0.41716
8842.40779 0.41709
8840.47923 0.41706
8838.55068 0.41709
8836.62213 0.41715
8834.69358 0.41716
8832.76503 0.41713
8830.83648 0.41709
8828.90793 0.41707
8826.97937 0.41706
8825.05082 0.41705
8823.12227 0.41707
8821.19372 0.41707
8819.26517 0.41705
8817.33662 0.41703
8815.40807 0.41702
8813.47952 0.417
8811.55096 0.41697
8809.62241 0.41696
8807.69386 0.41696
8805.76531 0.41696
8803.83676 0.41698
8801.90821 0.417
8799.97966 0.41697
8798.0511 0.41697
8796.12255 0.417
8794.194 0.41699
8792.26545 0.4169
8790.3369 0.41676
8788.40835 0.41668
8786.4798 0.41667
8784.55125 0.41668
8782.62269 0.41666
8780.69414 0.41663
8778.76559 0.41663
8776.83704 0.41665
8774.90849 0.41667
8772.97994 0.41666
8771.05139 0.41663
8769.12284 0.41659
8767.19428 0.41657
8765.26573 0.41655
8763.33718 0.41654
8761.40863 0.41654
8759.48008 0.41653
8757.55153 0.41653
8755.62298 0.41654
8753.69442 0.41653
8751.76587 0.41652
8749.83732 0.4165
8747.90877 0.41649
8745.98022 0.4165
8744.05167 0.41651
8742.12312 0.41651
8740.19457 0.4165
8738.26601 0.4165
8736.33746 0.4165
8734.40891 0.4165
8732.48036 0.4165
8730.55181 0.4165
8728.62326 0.41648
8726.69471 0.41646
8724.76615 0.41642
8722.8376 0.4164
8720.90905 0.41639
8718.9805 0.41638
8717.05195 0.41637
8715.1234 0.41636
8713.19485 0.41634
8711.2663 0.41631
8709.33774 0.41629
8707.40919 0.41629
8705.48064 0.41627
8703.55209 0.41624
8701.62354 0.41621
8699.69499 0.41621
8697.76644 0.41622
8695.83789 0.41623
8693.90933 0.41621
8691.98078 0.4162
8690.05223 0.41619
8688.12368 0.41618
8686.19513 0.41616
8684.26658 0.41611
8682.33803 0.41605
8680.40947 0.41598
8678.48092 0.41596
8676.55237 0.41605
8674.62382 0.41614
8672.69527 0.41616
8670.76672 0.41608
8668.83817 0.41597
8666.90962 0.41589
8664.98106 0.41586
8663.05251 0.41586
8661.12396 0.41587
8659.19541 0.41586
8657.26686 0.41586
8655.33831 0.41586
8653.40976 0.41584
8651.4812 0.41582
8649.55265 0.4158
8647.6241 0.41581
8645.69555 0.41583
8643.767 0.41584
8641.83845 0.41582
8639.9099 0.41575
8637.98135 0.41567
8636.05279 0.41564
8634.12424 0.41566
8632.19569 0.41568
8630.26714 0.41569
8628.33859 0.41568
8626.41004 0.41567
8624.48149 0.41564
8622.55294 0.41563
8620.62438 0.41561
8618.69583 0.41559
8616.76728 0.41558
8614.83873 0.41556
8612.91018 0.41555
8610.98163 0.41553
8609.05308 0.4155
8607.12452 0.41547
8605.19597 0.41546
8603.26742 0.41549
8601.33887 0.41551
8599.41032 0.41553
8597.48177 0.41551
8595.55322 0.4155
8593.62467 0.4155
8591.69611 0.41549
8589.76756 0.41547
8587.83901 0.41545
8585.91046 0.41542
8583.98191 0.41539
8582.05336 0.41536
8580.12481 0.41532
8578.19625 0.41529
8576.2677 0.41526
8574.33915 0.41525
8572.4106 0.41524
8570.48205 0.41522
8568.5535 0.41521
8566.62495 0.41524
8564.6964 0.41528
8562.76784 0.4153
8560.83929 0.4153
8558.91074 0.41531
8556.98219 0.41532
8555.05364 0.41531
8553.12509 0.41526
8551.19654 0.41519
8549.26798 0.41511
8547.33943 0.41503
8545.41088 0.41498
8543.48233 0.41498
8541.55378 0.41498
8539.62523 0.41497
8537.69668 0.41494
8535.76813 0.41492
8533.83957 0.41492
8531.91102 0.41493
8529.98247 0.41494
8528.05392 0.41492
8526.12537 0.4149
8524.19682 0.41489
8522.26827 0.4149
8520.33972 0.4149
8518.41116 0.41489
8516.48261 0.41486
8514.55406 0.41483
8512.62551 0.41479
8510.69696 0.41478
8508.76841 0.41478
8506.83986 0.41479
8504.9113 0.41479
8502.98275 0.41481
8501.0542 0.4148
8499.12565 0.41479
8497.1971 0.41476
8495.26855 0.41475
8493.34 0.41472
8491.41145 0.41468
8489.48289 0.41464
8487.55434 0.41465
8485.62579 0.41467
8483.69724 0.41469
8481.76869 0.41469
8479.84014 0.41467
8477.91159 0.41462
8475.98303 0.41457
8474.05448 0.41455
8472.12593 0.41455
8470.19738 0.41457
8468.26883 0.41459
8466.34028 0.41456
8464.41173 0.41452
8462.48318 0.41448
8460.55462 0.41447
8458.62607 0.41447
8456.69752 0.41445
8454.76897 0.41443
8452.84042 0.41443
8450.91187 0.41443
8448.98332 0.41443
8447.05477 0.41442
8445.12621 0.41441
8443.19766 0.41441
8441.26911 0.41441
8439.34056 0.41439
8437.41201 0.41439
8435.48346 0.4144
8433.55491 0.4144
8431.62635 0.41438
8429.6978 0.41436
8427.76925 0.41434
8425.8407 0.41432
8423.91215 0.41431
8421.9836 0.41433
8420.05505 0.41434
8418.1265 0.41434
8416.19794 0.41434
8414.26939 0.41435
8412.34084 0.41435
8410.41229 0.41435
8408.48374 0.41433
8406.55519 0.4143
8404.62664 0.41427
8402.69808 0.41426
8400.76953 0.41423
8398.84098 0.41421
8396.91243 0.4142
8394.98388 0.41419
8393.05533 0.41419
8391.12678 0.41418
8389.19823 0.41416
8387.26967 0.41412
8385.34112 0.41409
8383.41257 0.4141
8381.48402 0.41414
8379.55547 0.4142
8377.62692 0.41424
8375.69837 0.41425
8373.76982 0.41422
8371.84126 0.41417
8369.91271 0.41412
8367.98416 0.4141
8366.05561 0.41411
8364.12706 0.41412
8362.19851 0.41411
8360.26996 0.41409
8358.3414 0.41405
8356.41285 0.41399
8354.4843 0.41393
8352.55575 0.41389
8350.6272 0.41392
8348.69865 0.41399
8346.7701 0.41403
8344.84155 0.41401
8342.91299 0.41397
8340.98444 0.41394
8339.05589 0.4139
8337.12734 0.41386
8335.19879 0.41382
8333.27024 0.4138
8331.34169 0.4138
8329.41313 0.41381
8327.48458 0.41383
8325.55603 0.41384
8323.62748 0.41387
8321.69893 0.4139
8319.77038 0.41392
8317.84183 0.41391
8315.91328 0.41389
8313.98472 0.41387
8312.05617 0.41385
8310.12762 0.41383
8308.19907 0.41378
8306.27052 0.41373
8304.34197 0.41371
8302.41342 0.41371
8300.48487 0.41373
8298.55631 0.41372
8296.62776 0.41373
8294.69921 0.41376
8292.77066 0.41379
8290.84211 0.41379
8288.91356 0.41379
8286.98501 0.41378
8285.05645 0.41377
8283.1279 0.41374
8281.19935 0.41368
8279.2708 0.41362
8277.34225 0.4136
8275.4137 0.41362
8273.48515 0.41364
8271.5566 0.41365
8269.62804 0.41365
8267.69949 0.41364
8265.77094 0.41361
8263.84239 0.41358
8261.91384 0.41357
8259.98529 0.41357
8258.05674 0.41356
8256.12818 0.41356
8254.19963 0.41354
8252.27108 0.41352
8250.34253 0.41351
8248.41398 0.41352
8246.48543 0.41355
8244.55688 0.41359
8242.62833 0.41362
8240.69977 0.41367
8238.77122 0.4137
8236.84267 0.41369
8234.91412 0.41365
8232.98557 0.4136
8231.05702 0.41357
8229.12847 0.41355
8227.19992 0.41352
8225.27136 0.41348
8223.34281 0.41345
8221.41426 0.41341
8219.48571 0.41337
8217.55716 0.41333
8215.62861 0.4133
8213.70006 0.41326
8211.7715 0.41323
8209.84295 0.4132
8207.9144 0.41321
8205.98585 0.41322
8204.0573 0.41323
8202.12875 0.41324
8200.2002 0.41324
8198.27165 0.41324
8196.34309 0.41324
8194.41454 0.41325
8192.48599 0.41327
8190.55744 0.41326
8188.62889 0.41323
8186.70034 0.41319
8184.77179 0.41315
8182.84323 0.41311
8180.91468 0.4131
8178.98613 0.41312
8177.05758 0.41313
8175.12903 0.41312
8173.20048 0.41311
8171.27193 0.4131
8169.34338 0.4131
8167.41482 0.41305
8165.48627 0.41298
8163.55772 0.41291
8161.62917 0.41284
8159.70062 0.41277
8157.77207 0.41273
8155.84352 0.41273
8153.91497 0.41272
8151.98641 0.41271
8150.05786 0.41269
8148.12931 0.41271
8146.20076 0.41275
8144.27221 0.41276
8142.34366 0.41273
8140.41511 0.41267
8138.48655 0.41263
8136.558 0.41259
8134.62945 0.41252
8132.7009 0.41244
8130.77235 0.41238
8128.8438 0.41238
8126.91525 0.41238
8124.9867 0.41238
8123.05814 0.41237
8121.12959 0.41234
8119.20104 0.4123
8117.27249 0.41225
8115.34394 0.41218
8113.41539 0.41213
8111.48684 0.41208
8109.55828 0.41205
8107.62973 0.41203
8105.70118 0.41202
8103.77263 0.41203
8101.84408 0.41204
8099.91553 0.41203
8097.98698 0.41201
8096.05843 0.41197
8094.12987 0.41193
8092.20132 0.41188
8090.27277 0.41183
8088.34422 0.41178
8086.41567 0.41175
8084.48712 0.41172
8082.55857 0.41168
8080.63002 0.41161
8078.70146 0.41154
8076.77291 0.41148
8074.84436 0.41146
8072.91581 0.41146
8070.98726 0.41145
8069.05871 0.41141
8067.13016 0.41136
8065.2016 0.41133
8063.27305 0.4113
8061.3445 0.41126
8059.41595 0.41122
8057.4874 0.41118
8055.55885 0.41117
8053.6303 0.41117
8051.70175 0.41114
8049.77319 0.41107
8047.84464 0.411
8045.91609 0.41095
8043.98754 0.41091
8042.05899 0.41086
8040.13044 0.41081
8038.20189 0.41077
8036.27333 0.41074
8034.34478 0.4107
8032.41623 0.41067
8030.48768 0.41063
8028.55913 0.41057
8026.63058 0.41049
8024.70203 0.41042
8022.77348 0.41036
8020.84492 0.41031
8018.91637 0.41026
8016.98782 0.41023
8015.05927 0.4102
8013.13072 0.41016
8011.20217 0.41011
8009.27362 0.41005
8007.34507 0.41
8005.41651 0.40997
8003.48796 0.40997
8001.55941 0.40995
7999.63086 0.40993
7997.70231 0.4099
7995.77376 0.40983
7993.84521 0.40978
7991.91665 0.40976
7989.9881 0.40978
7988.05955 0.40978
7986.131 0.40976
7984.20245 0.40974
7982.2739 0.40973
7980.34535 0.40971
7978.4168 0.40964
7976.48824 0.40954
7974.55969 0.40945
7972.63114 0.40939
7970.70259 0.40934
7968.77404 0.40928
7966.84549 0.40922
7964.91694 0.40914
7962.98838 0.40907
7961.05983 0.40903
7959.13128 0.40903
7957.20273 0.40904
7955.27418 0.40901
7953.34563 0.40898
7951.41708 0.40894
7949.48853 0.4089
7947.55997 0.40884
7945.63142 0.40881
7943.70287 0.40882
7941.77432 0.4088
7939.84577 0.40876
7937.91722 0.40869
7935.98867 0.40864
7934.06012 0.4086
7932.13156 0.40857
7930.20301 0.40853
7928.27446 0.40852
7926.34591 0.40855
7924.41736 0.40856
7922.48881 0.40854
7920.56026 0.4085
7918.6317 0.40845
7916.70315 0.40842
7914.7746 0.40839
7912.84605 0.40836
7910.9175 0.40832
7908.98895 0.40831
7907.0604 0.40831
7905.13185 0.40832
7903.20329 0.40831
7901.27474 0.40828
7899.34619 0.40825
7897.41764 0.40823
7895.48909 0.40822
7893.56054 0.40822
7891.63199 0.40819
7889.70343 0.40814
7887.77488 0.4081
7885.84633 0.40809
7883.91778 0.40811
7881.98923 0.40814
7880.06068 0.40818
7878.13213 0.4082
7876.20358 0.40822
7874.27502 0.40822
7872.34647 0.4082
7870.41792 0.40816
7868.48937 0.40813
7866.56082 0.40813
7864.63227 0.40815
7862.70372 0.40816
7860.77517 0.40816
7858.84661 0.40813
7856.91806 0.40808
7854.98951 0.40809
7853.06096 0.40814
7851.13241 0.40823
7849.20386 0.40826
7847.27531 0.40826
7845.34675 0.40825
7843.4182 0.40826
7841.48965 0.40827
7839.5611 0.4083
7837.63255 0.40834
7835.704 0.40834
7833.77545 0.40833
7831.8469 0.40832
7829.91834 0.40835
7827.98979 0.40839
7826.06124 0.40844
7824.13269 0.40847
7822.20414 0.40851
7820.27559 0.40855
7818.34704 0.40858
7816.41848 0.40859
7814.48993 0.4086
7812.56138 0.40862
7810.63283 0.40867
7808.70428 0.40874
7806.77573 0.4088
7804.84718 0.40886
7802.91863 0.4089
7800.99007 0.40892
7799.06152 0.40892
7797.13297 0.40891
7795.20442 0.40893
7793.27587 0.40898
7791.34732 0.40904
7789.41877 0.40911
7787.49022 0.40918
7785.56166 0.40924
7783.63311 0.4093
7781.70456 0.40936
7779.77601 0.40941
7777.84746 0.40946
7775.91891 0.4095
7773.99036 0.40955
7772.0618 0.40961
7770.13325 0.40967
7768.2047 0.40973
7766.27615 0.40979
7764.3476 0.40986
7762.41905 0.40991
7760.4905 0.40993
7758.56195 0.40997
7756.63339 0.41003
7754.70484 0.41009
7752.77629 0.41016
7750.84774 0.41024
7748.91919 0.41032
7746.99064 0.41039
7745.06209 0.41045
7743.13353 0.41051
7741.20498 0.41058
7739.27643 0.41065
7737.34788 0.41072
7735.41933 0.41081
7733.49078 0.41088
7731.56223 0.41094
7729.63368 0.41098
7727.70512 0.41104
7725.77657 0.41112
7723.84802 0.41121
7721.91947 0.41128
7719.99092 0.41132
7718.06237 0.41136
7716.13382 0.41143
7714.20527 0.41153
7712.27671 0.41164
7710.34816 0.41174
7708.41961 0.41182
7706.49106 0.41184
7704.56251 0.41185
7702.63396 0.41188
7700.70541 0.41195
7698.77685 0.41203
7696.8483 0.41209
7694.91975 0.41216
7692.9912 0.4122
7691.06265 0.41226
7689.1341 0.41232
7687.20555 0.41239
7685.277 0.41245
7683.34844 0.41251
7681.41989 0.4126
7679.49134 0.41269
7677.56279 0.41278
7675.63424 0.41287
7673.70569 0.41291
7671.77714 0.41294
7669.84858 0.41298
7667.92003 0.41302
7665.99148 0.41307
7664.06293 0.41313
7662.13438 0.41318
7660.20583 0.41321
7658.27728 0.41324
7656.34873 0.41327
7654.42017 0.41332
7652.49162 0.41337
7650.56307 0.4134
7648.63452 0.41343
7646.70597 0.41348
7644.77742 0.41351
7642.84887 0.41351
7640.92032 0.41351
7638.99176 0.41353
7637.06321 0.4136
7635.13466 0.41368
7633.20611 0.41373
7631.27756 0.41375
7629.34901 0.41375
7627.42046 0.41376
7625.4919 0.41375
7623.56335 0.41376
7621.6348 0.41376
7619.70625 0.41377
7617.7777 0.41377
7615.84915 0.41377
7613.9206 0.41379
7611.99205 0.41382
7610.06349 0.41381
7608.13494 0.41379
7606.20639 0.41377
7604.27784 0.41377
7602.34929 0.41378
7600.42074 0.41379
7598.49219 0.41379
7596.56363 0.41378
7594.63508 0.41376
7592.70653 0.41372
7590.77798 0.41368
7588.84943 0.41363
7586.92088 0.41358
7584.99233 0.41354
7583.06378 0.41349
7581.13522 0.41344
7579.20667 0.41339
7577.27812 0.41335
7575.34957 0.41331
7573.42102 0.41326
7571.49247 0.4132
7569.56392 0.41314
7567.63537 0.41311
7565.70681 0.41305
7563.77826 0.41294
7561.84971 0.41281
7559.92116 0.41272
7557.99261 0.41267
7556.06406 0.41262
7554.13551 0.41255
7552.20695 0.41247
7550.2784 0.41239
7548.34985 0.41229
7546.4213 0.41218
7544.49275 0.41203
7542.5642 0.41189
7540.63565 0.41178
7538.7071 0.41169
7536.77854 0.41159
7534.84999 0.41147
7532.92144 0.41134
7530.99289 0.41121
7529.06434 0.41109
7527.13579 0.41096
7525.20724 0.41082
7523.27868 0.41067
7521.35013 0.41053
7519.42158 0.41039
7517.49303 0.41026
7515.56448 0.41013
7513.63593 0.40999
7511.70738 0.40984
7509.77883 0.40967
7507.85027 0.40949
7505.92172 0.40932
7503.99317 0.40916
7502.06462 0.40901
7500.13607 0.40885
7498.20752 0.40866
7496.27897 0.40847
7494.35041 0.40828
7492.42186 0.4081
7490.49331 0.4079
7488.56476 0.40771
7486.63621 0.40752
7484.70766 0.40732
7482.77911 0.40712
7480.85056 0.40691
7478.922 0.40669
7476.99345 0.4065
7475.0649 0.40633
7473.13635 0.40612
7471.2078 0.40586
7469.27925 0.4056
7467.3507 0.40539
7465.42215 0.4052
7463.49359 0.40499
7461.56504 0.40475
7459.63649 0.4045
7457.70794 0.40426
7455.77939 0.40404
7453.85084 0.40382
7451.92229 0.40359
7449.99373 0.40336
7448.06518 0.40313
7446.13663 0.4029
7444.20808 0.40265
7442.27953 0.40238
7440.35098 0.40211
7438.42243 0.40185
7436.49388 0.4016
7434.56532 0.40138
7432.63677 0.40117
7430.70822 0.40097
7428.77967 0.40075
7426.85112 0.40049
7424.92257 0.40016
7422.99402 0.39987
7421.06546 0.39964
7419.13691 0.39947
7417.20836 0.39926
7415.27981 0.399
7413.35126 0.39876
7411.42271 0.39852
7409.49416 0.3983
7407.56561 0.39807
7405.63705 0.39783
7403.7085 0.39757
7401.77995 0.3973
7399.8514 0.39705
7397.92285 0.39679
7395.9943 0.39655
7394.06575 0.3963
7392.1372 0.39606
7390.20864 0.39582
7388.28009 0.39556
7386.35154 0.39532
7384.42299 0.39511
7382.49444 0.39493
7380.56589 0.39471
7378.63734 0.39446
7376.70878 0.39423
7374.78023 0.39399
7372.85168 0.39372
7370.92313 0.39352
7368.99458 0.39337
7367.06603 0.39319
7365.13748 0.39299
7363.20893 0.39281
7361.28037 0.39261
7359.35182 0.39241
7357.42327 0.39227
7355.49472 0.39214
7353.56617 0.39194
7351.63762 0.39173
7349.70907 0.39159
7347.78051 0.39146
7345.85196 0.39132
7343.92341 0.39121
7341.99486 0.39111
7340.06631 0.39096
7338.13776 0.3907
7336.20921 0.39043
7334.28066 0.39023
7332.3521 0.3901
7330.42355 0.39005
7328.495 0.39005
7326.56645 0.38998
7324.6379 0.38984
7322.70935 0.38968
7320.7808 0.38954
7318.85225 0.38942
7316.92369 0.38934
7314.99514 0.38929
7313.06659 0.38928
7311.13804 0.38926
7309.20949 0.38923
7307.28094 0.38918
7305.35239 0.38909
7303.42383 0.389
7301.49528 0.38899
7299.56673 0.38901
7297.63818 0.38899
7295.70963 0.38901
7293.78108 0.38903
7291.85253 0.38902
7289.92398 0.38903
7287.99542 0.38907
7286.06687 0.38908
7284.13832 0.3891
7282.20977 0.38914
7280.28122 0.38919
7278.35267 0.38925
7276.42412 0.38933
7274.49556 0.38943
7272.56701 0.38953
7270.63846 0.38964
7268.70991 0.38975
7266.78136 0.38987
7264.85281 0.39001
7262.92426 0.39017
7260.99571 0.39032
7259.06715 0.39046
7257.1386 0.39063
7255.21005 0.39083
7253.2815 0.39102
7251.35295 0.39117
7249.4244 0.39131
7247.49585 0.39152
7245.5673 0.39182
7243.63874 0.39213
7241.71019 0.39234
7239.78164 0.39245
7237.85309 0.39262
7235.92454 0.39291
7233.99599 0.3933
7232.06744 0.39361
7230.13888 0.39378
7228.21033 0.39398
7226.28178 0.39427
7224.35323 0.39457
7222.42468 0.39489
7220.49613 0.39525
7218.56758 0.39554
7216.63903 0.39579
7214.71047 0.39609
7212.78192 0.39643
7210.85337 0.39677
7208.92482 0.39716
7206.99627 0.3976
7205.06772 0.39803
7203.13917 0.39837
7201.21061 0.39867
7199.28206 0.39901
7197.35351 0.39939
7195.42496 0.3998
7193.49641 0.40018
7191.56786 0.40058
7189.63931 0.40102
7187.71076 0.40147
7185.7822 0.40192
7183.85365 0.40242
7181.9251 0.40291
7179.99655 0.40331
7178.068 0.40366
7176.13945 0.40407
7174.2109 0.40453
7172.28235 0.40504
7170.35379 0.40559
7168.42524 0.40612
7166.49669 0.40657
7164.56814 0.40701
7162.63959 0.40751
7160.71104 0.40801
7158.78249 0.40843
7156.85393 0.40884
7154.92538 0.40929
7152.99683 0.40976
7151.06828 0.41025
7149.13973 0.41076
7147.21118 0.41129
7145.28263 0.41184
7143.35408 0.41238
7141.42552 0.41294
7139.49697 0.41349
7137.56842 0.41397
7135.63987 0.41437
7133.71132 0.41476
7131.78277 0.41519
7129.85422 0.41565
7127.92566 0.41617
7125.99711 0.41672
7124.06856 0.41727
7122.14001 0.41781
7120.21146 0.41835
7118.28291 0.41883
7116.35436 0.41918
7114.42581 0.41949
7112.49725 0.4199
7110.5687 0.42042
7108.64015 0.42096
7106.7116 0.42148
7104.78305 0.42196
7102.8545 0.4224
7100.92595 0.42287
7098.9974 0.42338
7097.06884 0.42391
7095.14029 0.42442
7093.21174 0.42483
7091.28319 0.4252
7089.35464 0.42558
7087.42609 0.426
7085.49754 0.42644
7083.56898 0.42688
7081.64043 0.42731
7079.71188 0.42771
7077.78333 0.42812
7075.85478 0.42855
7073.92623 0.42898
7071.99768 0.42935
7070.06913 0.42965
7068.14057 0.42993
7066.21202 0.43025
7064.28347 0.43059
7062.35492 0.43089
7060.42637 0.43118
7058.49782 0.43148
7056.56927 0.43179
7054.64071 0.4321
7052.71216 0.43238
7050.78361 0.43264
7048.85506 0.43293
7046.92651 0.4332
7044.99796 0.43345
7043.06941 0.43369
7041.14086 0.43392
7039.2123 0.43411
7037.28375 0.43427
7035.3552 0.43443
7033.42665 0.43459
7031.4981 0.43476
7029.56955 0.43492
7027.641 0.43509
7025.71245 0.43528
7023.78389 0.43544
7021.85534 0.43554
7019.92679 0.43557
7017.99824 0.43562
7016.06969 0.43569
7014.14114 0.43578
7012.21259 0.43582
7010.28403 0.43583
7008.35548 0.43585
7006.42693 0.43587
7004.49838 0.43586
7002.56983 0.43583
7000.64128 0.43578
6998.71273 0.4357
6996.78418 0.43561
6994.85562 0.43552
6992.92707 0.43544
6990.99852 0.43536
6989.06997 0.43526
6987.14142 0.43514
6985.21287 0.43499
6983.28432 0.43484
6981.35576 0.43466
6979.42721 0.43443
6977.49866 0.43418
6975.57011 0.43391
6973.64156 0.43364
6971.71301 0.43337
6969.78446 0.43308
6967.85591 0.43279
6965.92735 0.4325
6963.9988 0.43221
6962.07025 0.43189
6960.1417 0.43153
6958.21315 0.43116
6956.2846 0.43079
6954.35605 0.43038
6952.4275 0.42994
6950.49894 0.4295
6948.57039 0.42907
6946.64184 0.42863
6944.71329 0.42818
6942.78474 0.42769
6940.85619 0.4272
6938.92764 0.4267
6936.99908 0.42616
6935.07053 0.42559
6933.14198 0.42502
6931.21343 0.42444
6929.28488 0.4238
6927.35633 0.42312
6925.42778 0.42244
6923.49923 0.42178
6921.57067 0.42112
6919.64212 0.42048
6917.71357 0.41984
6915.78502 0.41918
6913.85647 0.41851
6911.92792 0.4178
6909.99937 0.41704
6908.07081 0.41623
6906.14226 0.41547
6904.21371 0.41471
6902.28516 0.41393
6900.35661 0.41312
6898.42806 0.41228
6896.49951 0.41142
6894.57096 0.41054
6892.6424 0.40963
6890.71385 0.40871
6888.7853 0.40781
6886.85675 0.40692
6884.9282 0.40601
6882.99965 0.40508
6881.0711 0.40412
6879.14255 0.40316
6877.21399 0.40219
6875.28544 0.40121
6873.35689 0.40022
6871.42834 0.39923
6869.49979 0.39826
6867.57124 0.39728
6865.64269 0.39632
6863.71413 0.39533
6861.78558 0.39432
6859.85703 0.39326
6857.92848 0.39218
6855.99993 0.39112
6854.07138 0.39011
6852.14283 0.38905
6850.21428 0.38794
6848.28572 0.3868
6846.35717 0.38568
6844.42862 0.38458
6842.50007 0.38351
6840.57152 0.38245
6838.64297 0.38137
6836.71442 0.38026
6834.78586 0.37914
6832.85731 0.37803
6830.92876 0.37692
6829.00021 0.37582
6827.07166 0.37469
6825.14311 0.37357
6823.21456 0.37244
6821.28601 0.37133
6819.35745 0.37023
6817.4289 0.36912
6815.50035 0.36801
6813.5718 0.36692
6811.64325 0.36584
6809.7147 0.36476
6807.78615 0.36368
6805.8576 0.3626
6803.92904 0.36152
6802.00049 0.36044
6800.07194 0.35941
6798.14339 0.35838
6796.21484 0.35734
6794.28629 0.35631
6792.35774 0.35527
6790.42918 0.35426
6788.50063 0.35325
6786.57208 0.35226
6784.64353 0.35128
6782.71498 0.35034
6780.78643 0.34943
6778.85788 0.34851
6776.92933 0.34758
6775.00077 0.34666
6773.07222 0.34577
6771.14367 0.34492
6769.21512 0.34407
6767.28657 0.34323
6765.35802 0.3424
6763.42947 0.34161
6761.50091 0.34084
6759.57236 0.34009
6757.64381 0.33937
6755.71526 0.33866
6753.78671 0.33799
6751.85816 0.33735
6749.92961 0.33673
6748.00106 0.33615
6746.0725 0.3356
6744.14395 0.33509
6742.2154 0.33461
6740.28685 0.33414
6738.3583 0.33368
6736.42975 0.33328
6734.5012 0.33292
6732.57265 0.33256
6730.64409 0.33217
6728.71554 0.33179
6726.78699 0.33147
6724.85844 0.33121
6722.92989 0.331
6721.00134 0.33084
6719.07279 0.33073
6717.14423 0.33064
6715.21568 0.33057
6713.28713 0.33053
6711.35858 0.33052
6709.43003 0.33055
6707.50148 0.33064
6705.57293 0.33076
6703.64438 0.33088
6701.71582 0.33103
6699.78727 0.3312
6697.85872 0.33142
6695.93017 0.33168
6694.00162 0.33202
6692.07307 0.33241
6690.14452 0.33285
6688.21596 0.33332
6686.28741 0.3338
6684.35886 0.3343
6682.43031 0.33483
6680.50176 0.33537
6678.57321 0.33594
6676.64466 0.33658
6674.71611 0.33729
6672.78755 0.33805
6670.859 0.33884
6668.93045 0.33966
6667.0019 0.34048
6665.07335 0.34132
6663.1448 0.34222
6661.21625 0.34317
6659.2877 0.34415
6657.35914 0.34518
6655.43059 0.34625
6653.50204 0.34737
6651.57349 0.34851
6649.64494 0.34965
6647.71639 0.35076
6645.78784 0.3519
6643.85928 0.35311
6641.93073 0.3544
6640.00218 0.35568
6638.07363 0.35696
6636.14508 0.35827
6634.21653 0.35965
6632.28798 0.36109
6630.35943 0.36252
6628.43087 0.36397
6626.50232 0.36544
6624.57377 0.36693
6622.64522 0.36846
6620.71667 0.37007
6618.78812 0.37172
6616.85957 0.37335
6614.93101 0.37491
6613.00246 0.37648
6611.07391 0.37811
6609.14536 0.37977
6607.21681 0.38141
6605.28826 0.38305
6603.35971 0.38475
6601.43116 0.38651
6599.5026 0.3883
6597.57405 0.39007
6595.6455 0.39183
6593.71695 0.39359
6591.7884 0.39537
6589.85985 0.39715
6587.9313 0.39895
6586.00275 0.40076
6584.07419 0.40259
6582.14564 0.40443
6580.21709 0.40625
6578.28854 0.40807
6576.35999 0.4099
6574.43144 0.41175
6572.50289 0.41361
6570.57433 0.41546
6568.64578 0.41731
6566.71723 0.41915
6564.78868 0.42099
6562.86013 0.42281
6560.93158 0.42462
6559.00303 0.42643
6557.07448 0.42824
6555.14592 0.43006
6553.21737 0.43189
6551.28882 0.43372
6549.36027 0.43553
6547.43172 0.43728
6545.50317 0.43899
6543.57462 0.44071
6541.64606 0.44246
6539.71751 0.44423
6537.78896 0.44599
6535.86041 0.44774
6533.93186 0.44943
6532.00331 0.45109
6530.07476 0.45274
6528.14621 0.45443
6526.21765 0.45611
6524.2891 0.45775
6522.36055 0.45934
6520.432 0.46092
6518.50345 0.4625
6516.5749 0.46408
6514.64635 0.46564
6512.7178 0.46718
6510.78924 0.46867
6508.86069 0.47009
6506.93214 0.47154
6505.00359 0.47302
6503.07504 0.47449
6501.14649 0.47591
6499.21794 0.47726
6497.28938 0.47858
6495.36083 0.47988
6493.43228 0.48117
6491.50373 0.48248
6489.57518 0.48377
6487.64663 0.48501
6485.71808 0.48619
6483.78953 0.48735
6481.86097 0.4885
6479.93242 0.48963
6478.00387 0.49073
6476.07532 0.49179
6474.14677 0.49284
6472.21822 0.49387
6470.28967 0.49488
6468.36111 0.49586
6466.43256 0.4968
6464.50401 0.49773
6462.57546 0.49862
6460.64691 0.49949
6458.71836 0.50033
6456.78981 0.50115
6454.86126 0.50191
6452.9327 0.50265
6451.00415 0.50335
6449.0756 0.50404
6447.14705 0.5047
6445.2185 0.50536
6443.28995 0.50597
6441.3614 0.50654
6439.43284 0.50706
6437.50429 0.50753
6435.57574 0.50795
6433.64719 0.50838
6431.71864 0.50882
6429.79009 0.50926
6427.86154 0.5096
6425.93299 0.50986
6424.00443 0.51011
6422.07588 0.5104
6420.14733 0.51067
6418.21878 0.51091
6416.29023 0.51111
6414.36168 0.51124
6412.43313 0.51127
6410.50458 0.51128
6408.57602 0.51131
6406.64747 0.51132
6404.71892 0.51127
6402.79037 0.51118
6400.86182 0.51107
6398.93327 0.51096
6397.00472 0.51082
6395.07616 0.5106
6393.14761 0.51032
6391.21906 0.51002
6389.29051 0.50971
6387.36196 0.50942
6385.43341 0.50913
6383.50486 0.50877
6381.57631 0.50828
6379.64775 0.50769
6377.7192 0.50711
6375.79065 0.50659
6373.8621 0.50603
6371.93355 0.50541
6370.005 0.50473
6368.07645 0.50405
6366.14789 0.50337
6364.21934 0.50262
6362.29079 0.50178
6360.36224 0.50086
6358.43369 0.49993
6356.50514 0.49898
6354.57659 0.49801
6352.64804 0.49704
6350.71948 0.49603
6348.79093 0.49496
6346.86238 0.49384
6344.93383 0.49271
6343.00528 0.49155
6341.07673 0.49033
6339.14818 0.48905
6337.21963 0.48773
6335.29107 0.48639
6333.36252 0.48502
6331.43397 0.48365
6329.50542 0.48226
6327.57687 0.48082
6325.64832 0.47933
6323.71977 0.47778
6321.79121 0.47619
6319.86266 0.47457
6317.93411 0.47292
6316.00556 0.47124
6314.07701 0.4695
6312.14846 0.46771
6310.21991 0.46589
6308.29136 0.46406
6306.3628 0.46222
6304.43425 0.46035
6302.5057 0.45841
6300.57715 0.45642
6298.6486 0.45437
6296.72005 0.45229
6294.7915 0.45019
6292.86294 0.44806
6290.93439 0.44589
6289.00584 0.44365
6287.07729 0.44136
6285.14874 0.43905
6283.22019 0.43672
6281.29164 0.43437
6279.36309 0.432
6277.43453 0.42959
6275.50598 0.42713
6273.57743 0.42462
6271.64888 0.42213
6269.72033 0.41965
6267.79178 0.4171
6265.86323 0.41448
6263.93468 0.4118
6262.00612 0.40916
6260.07757 0.40649
6258.14902 0.40379
6256.22047 0.40103
6254.29192 0.39823
6252.36337 0.39541
6250.43482 0.39257
6248.50626 0.3897
6246.57771 0.3868
6244.64916 0.3839
6242.72061 0.38101
6240.79206 0.3781
6238.86351 0.37517
6236.93496 0.3722
6235.00641 0.36918
6233.07785 0.36613
6231.1493 0.36308
6229.22075 0.36007
6227.2922 0.35706
6225.36365 0.35401
6223.4351 0.35092
6221.50655 0.34782
6219.57799 0.34474
6217.64944 0.34166
6215.72089 0.33857
6213.79234 0.33548
6211.86379 0.33238
6209.93524 0.32928
6208.00669 0.32619
6206.07814 0.32313
6204.14958 0.32007
6202.22103 0.31702
6200.29248 0.31398
6198.36393 0.31096
6196.43538 0.30794
6194.50683 0.30492
6192.57828 0.30194
6190.64973 0.299
6188.72117 0.29608
6186.79262 0.2932
6184.86407 0.29034
6182.93552 0.2875
6181.00697 0.28467
6179.07842 0.28188
6177.14987 0.27913
6175.22131 0.27643
6173.29276 0.2738
6171.36421 0.27122
6169.43566 0.26869
6167.50711 0.2662
6165.57856 0.26373
6163.65001 0.26131
6161.72146 0.25896
6159.7929 0.25668
6157.86435 0.25447
6155.9358 0.25233
6154.00725 0.25026
6152.0787 0.24824
6150.15015 0.24627
6148.2216 0.24438
6146.29304 0.24259
6144.36449 0.24089
6142.43594 0.23926
6140.50739 0.2377
6138.57884 0.23624
6136.65029 0.23486
6134.72174 0.23357
6132.79319 0.23239
6130.86463 0.23129
6128.93608 0.23026
6127.00753 0.22932
6125.07898 0.22847
6123.15043 0.22775
6121.22188 0.22713
6119.29333 0.22661
6117.36478 0.2262
6115.43622 0.22588
6113.50767 0.22568
6111.57912 0.22558
6109.65057 0.22558
6107.72202 0.22569
6105.79347 0.2259
6103.86492 0.22622
6101.93636 0.22665
6100.00781 0.2272
6098.07926 0.22787
6096.15071 0.22865
6094.22216 0.22953
6092.29361 0.2305
6090.36506 0.23156
6088.43651 0.23273
6086.50795 0.23404
6084.5794 0.23546
6082.65085 0.23695
6080.7223 0.23852
6078.79375 0.24021
6076.8652 0.24206
6074.93665 0.244
6073.00809 0.24601
6071.07954 0.2481
6069.15099 0.25029
6067.22244 0.2526
6065.29389 0.25499
6063.36534 0.25746
6061.43679 0.26001
6059.50824 0.26269
6057.57968 0.26547
6055.65113 0.26831
6053.72258 0.27119
6051.79403 0.27415
6049.86548 0.27721
6047.93693 0.28035
6046.00838 0.28354
6044.07983 0.28679
6042.15127 0.2901
6040.22272 0.29347
6038.29417 0.2969
6036.36562 0.30042
6034.43707 0.304
6032.50852 0.30761
6030.57997 0.31126
6028.65141 0.31496
6026.72286 0.31872
6024.79431 0.32251
6022.86576 0.32631
6020.93721 0.33012
6019.00866 0.33396
6017.08011 0.33784
6015.15156 0.34176
6013.223 0.34568
6011.29445 0.34963
6009.3659 0.3536
6007.43735 0.3576
6005.5088 0.36162
6003.58025 0.36564
6001.6517 0.36967
5999.72314 0.37368
5997.79459 0.37769
5995.86604 0.38171
5993.93749 0.38575
5992.00894 0.3898
5990.08039 0.39385
5988.15184 0.39787
5986.22329 0.40183
5984.29473 0.40574
5982.36618 0.40965
5980.43763 0.41359
5978.50908 0.41753
5976.58053 0.42146
5974.65198 0.42537
5972.72343 0.42923
5970.79488 0.43304
5968.86632 0.43684
5966.93777 0.44061
5965.00922 0.44436
5963.08067 0.44806
5961.15212 0.45173
5959.22357 0.45538
5957.29502 0.45899
5955.36646 0.46257
5953.43791 0.46611
5951.50936 0.46963
5949.58081 0.47313
5947.65226 0.47658
5945.72371 0.47999
5943.79516 0.48334
5941.86661 0.48665
5939.93805 0.48995
5938.0095 0.49322
5936.08095 0.49641
5934.1524 0.49954
5932.22385 0.50261
5930.2953 0.50567
5928.36675 0.50872
5926.43819 0.51172
5924.50964 0.51465
5922.58109 0.51753
5920.65254 0.52037
5918.72399 0.52317
5916.79544 0.52593
5914.86689 0.52865
5912.93834 0.53133
5911.00978 0.53396
5909.08123 0.53654
5907.15268 0.53908
5905.22413 0.54156
5903.29558 0.544
5901.36703 0.54639
5899.43848 0.54872
5897.50993 0.55099
5895.58137 0.55321
5893.65282 0.55543
5891.72427 0.55761
5889.79572 0.55978
5887.86717 0.56191
5885.93862 0.56397
5884.01007 0.56591
5882.08151 0.5678
5880.15296 0.56969
5878.22441 0.57158
5876.29586 0.57343
5874.36731 0.57521
5872.43876 0.57693
5870.51021 0.57859
5868.58166 0.58021
5866.6531 0.58185
5864.72455 0.58348
5862.796 0.585
5860.86745 0.58641
5858.9389 0.58773
5857.01035 0.58912
5855.0818 0.5905
5853.15324 0.59182
5851.22469 0.59306
5849.29614 0.59423
5847.36759 0.59534
5845.43904 0.59645
5843.51049 0.59756
5841.58194 0.59869
5839.65339 0.59973
5837.72483 0.60068
5835.79628 0.6016
5833.86773 0.60256
5831.93918 0.60351
5830.01063 0.60428
5828.08208 0.60494
5826.15353 0.60557
5824.22498 0.60626
5822.29642 0.60695
5820.36787 0.60755
5818.43932 0.6081
5816.51077 0.60862
5814.58222 0.60913
5812.65367 0.60959
5810.72512 0.60994
5808.79656 0.61027
5806.86801 0.61063
5804.93946 0.61104
5803.01091 0.61132
5801.08236 0.6115
5799.15381 0.61159
5797.22526 0.61168
5795.29671 0.61177
5793.36815 0.61182
5791.4396 0.61185
5789.51105 0.61182
5787.5825 0.61175
5785.65395 0.61163
5783.7254 0.61143
5781.79685 0.6112
5779.86829 0.61098
5777.93974 0.61084
5776.01119 0.61062
5774.08264 0.61025
5772.15409 0.60978
5770.22554 0.60934
5768.29699 0.60899
5766.36844 0.60852
5764.43988 0.60793
5762.51133 0.60725
5760.58278 0.60661
5758.65423 0.60597
5756.72568 0.60527
5754.79713 0.60451
5752.86858 0.60369
5750.94003 0.6028
5749.01147 0.60187
5747.08292 0.60095
5745.15437 0.60004
5743.22582 0.59905
5741.29727 0.59797
5739.36872 0.59685
5737.44017 0.59573
5735.51161 0.5946
5733.58306 0.59338
5731.65451 0.59207
5729.72596 0.59071
5727.79741 0.58933
5725.86886 0.58792
5723.94031 0.58644
5722.01176 0.5849
5720.0832 0.58332
5718.15465 0.58172
5716.2261 0.58008
5714.29755 0.5784
5712.369 0.57668
5710.44045 0.57493
5708.5119 0.57314
5706.58334 0.57128
5704.65479 0.56933
5702.72624 0.5673
5700.79769 0.56519
5698.86914 0.56303
5696.94059 0.56085
5695.01204 0.55867
5693.08349 0.55647
5691.15493 0.55424
5689.22638 0.55194
5687.29783 0.54954
5685.36928 0.54704
5683.44073 0.54447
5681.51218 0.54189
5679.58363 0.53928
5677.65508 0.53664
5675.72652 0.53394
5673.79797 0.53116
5671.86942 0.52827
5669.94087 0.52538
5668.01232 0.52249
5666.08377 0.51957
5664.15522 0.51652
5662.22666 0.51334
5660.29811 0.51013
5658.36956 0.50688
5656.44101 0.50361
5654.51246 0.50031
5652.58391 0.49696
5650.65536 0.49351
5648.72681 0.48997
5646.79825 0.48637
5644.8697 0.48275
5642.94115 0.47908
5641.0126 0.47535
5639.08405 0.47155
5637.1555 0.46769
5635.22695 0.46377
5633.29839 0.45981
5631.36984 0.45578
5629.44129 0.45171
5627.51274 0.4476
5625.58419 0.44346
5623.65564 0.43925
5621.72709 0.43495
5619.79854 0.43059
5617.86998 0.42619
5615.94143 0.42174
5614.01288 0.41724
5612.08433 0.41268
5610.15578 0.4081
5608.22723 0.40351
5606.29868 0.39889
5604.37013 0.39421
5602.44157 0.38948
5600.51302 0.38471
5598.58447 0.3799
5596.65592 0.37506
5594.72737 0.37018
5592.79882 0.36527
5590.87027 0.36033
5588.94171 0.35535
5587.01316 0.35036
5585.08461 0.34535
5583.15606 0.34033
5581.22751 0.33529
5579.29896 0.33022
5577.37041 0.32515
5575.44186 0.32007
5573.5133 0.31499
5571.58475 0.30994
5569.6562 0.30489
5567.72765 0.29982
5565.7991 0.29474
5563.87055 0.28968
5561.942 0.28466
5560.01344 0.27967
5558.08489 0.27472
5556.15634 0.26978
5554.22779 0.26485
5552.29924 0.25994
5550.37069 0.25507
5548.44214 0.25026
5546.51359 0.24551
5544.58503 0.24081
5542.65648 0.23617
5540.72793 0.2316
5538.79938 0.2271
5536.87083 0.22267
5534.94228 0.21832
5533.01373 0.21405
5531.08518 0.20987
5529.15662 0.20578
5527.22807 0.20179
5525.29952 0.19789
5523.37097 0.1941
5521.44242 0.19042
5519.51387 0.18686
5517.58532 0.18342
5515.65676 0.1801
5513.72821 0.17691
5511.79966 0.17387
5509.87111 0.17097
5507.94256 0.16822
5506.01401 0.16558
5504.08546 0.16309
5502.15691 0.16076
5500.22835 0.15859
5498.2998 0.15658
5496.37125 0.15475
5494.4427 0.1531
5492.51415 0.15161
5490.5856 0.15027
5488.65705 0.1491
5486.72849 0.1481
5484.79994 0.14728
5482.87139 0.14665
5480.94284 0.14621
5479.01429 0.14597
5477.08574 0.14594
5475.15719 0.14608
5473.22864 0.14636
5471.30008 0.14685
5469.37153 0.14754
5467.44298 0.14842
5465.51443 0.14947
5463.58588 0.15071
5461.65733 0.15213
5459.72878 0.15373
5457.80023 0.15549
5455.87167 0.15744
5453.94312 0.15957
5452.01457 0.16189
5450.08602 0.1644
5448.15747 0.16709
5446.22892 0.16993
5444.30037 0.17292
5442.37181 0.17606
5440.44326 0.17934
5438.51471 0.18276
5436.58616 0.18637
5434.65761 0.19013
5432.72906 0.194
5430.80051 0.19802
5428.87196 0.20218
5426.9434 0.20643
5425.01485 0.21077
5423.0863 0.21524
5421.15775 0.21983
5419.2292 0.22455
5417.30065 0.22941
5415.3721 0.2344
5413.44354 0.23946
5411.51499 0.24454
5409.58644 0.24966
5407.65789 0.25484
5405.72934 0.2601
5403.80079 0.26544
5401.87224 0.27083
5399.94369 0.27627
5398.01513 0.28181
5396.08658 0.28743
5394.15803 0.29304
5392.22948 0.29861
5390.30093 0.30418
5388.37238 0.30984
5386.44383 0.31557
5384.51528 0.32125
5382.58672 0.3269
5380.65817 0.33259
5378.72962 0.33834
5376.80107 0.3441
5374.87252 0.34977
5372.94397 0.35537
5371.01542 0.36096
5369.08686 0.36656
5367.15831 0.37217
5365.22976 0.37779
5363.30121 0.38337
5361.37266 0.38886
5359.44411 0.39432
5357.51556 0.39983
5355.58701 0.4054
5353.65845 0.41091
5351.7299 0.41621
5349.80135 0.42141
5347.8728 0.42666
5345.94425 0.43196
5344.0157 0.4371
5342.08715 0.44206
5340.15859 0.44705
5338.23004 0.45208
5336.30149 0.45697
5334.37294 0.46175
5332.44439 0.46654
5330.51584 0.4713
5328.58729 0.47602
5326.65874 0.48064
5324.73018 0.48511
5322.80163 0.48953
5320.87308 0.49396
5318.94453 0.49832
5317.01598 0.50263
5315.08743 0.50686
5313.15888 0.51105
5311.23032 0.51522
5309.30177 0.51936
5307.37322 0.5234
5305.44467 0.52728
5303.51612 0.53111
5301.58757 0.53491
5299.65902 0.53866
5297.73047 0.54235
5295.80191 0.54597
5293.87336 0.5496
5291.94481 0.55319
5290.01626 0.55667
5288.08771 0.55999
5286.15916 0.56327
5284.23061 0.56654
5282.30206 0.56972
5280.3735 0.57285
5278.44495 0.57591
5276.5164 0.57892
5274.58785 0.58192
5272.6593 0.58486
5270.73075 0.58778
5268.8022 0.59063
5266.87364 0.59341
5264.94509 0.59616
5263.01654 0.59877
5261.08799 0.60122
5259.15944 0.60365
5257.23089 0.6062
5255.30234 0.60871
5253.37379 0.61105
5251.44523 0.61332
5249.51668 0.6157
5247.58813 0.61802
5245.65958 0.62018
5243.73103 0.62221
5241.80248 0.62417
5239.87393 0.62614
5237.94537 0.62812
5236.01682 0.63003
5234.08827 0.63189
5232.15972 0.63372
5230.23117 0.63548
5228.30262 0.63726
5226.37407 0.63909
5224.44552 0.64081
5222.51696 0.64237
5220.58841 0.64392
5218.65986 0.64544
5216.73131 0.64685
5214.80276 0.64818
5212.87421 0.64957
5210.94566 0.65104
5209.01711 0.65257
5207.08855 0.65396
5205.16 0.65509
5203.23145 0.65609
5201.3029 0.65717
5199.37435 0.65835
5197.4458 0.65949
5195.51725 0.66051
5193.58869 0.66146
5191.66014 0.66241
5189.73159 0.66333
5187.80304 0.66421
5185.87449 0.66514
5183.94594 0.66602
5182.01739 0.66681
5180.08884 0.66749
5178.16028 0.66812
5176.23173 0.6687
5174.30318 0.66929
5172.37463 0.66991
5170.44608 0.67054
5168.51753 0.67112
5166.58898 0.67168
5164.66042 0.67222
5162.73187 0.67267
5160.80332 0.67302
5158.87477 0.67337
5156.94622 0.67368
5155.01767 0.67396
5153.08912 0.6742
5151.16057 0.67439
5149.23201 0.67454
5147.30346 0.67464
5145.37491 0.67475
5143.44636 0.67492
5141.51781 0.67504
5139.58926 0.67506
5137.66071 0.675
5135.73216 0.67495
5133.8036 0.67491
5131.87505 0.6748
5129.9465 0.67464
5128.01795 0.67442
5126.0894 0.6742
5124.16085 0.67396
5122.2323 0.67369
5120.30374 0.67338
5118.37519 0.67303
5116.44664 0.67267
5114.51809 0.67228
5112.58954 0.67184
5110.66099 0.67133
5108.73244 0.67081
5106.80389 0.67031
5104.87533 0.66979
5102.94678 0.66921
5101.01823 0.66856
5099.08968 0.66788
5097.16113 0.66713
5095.23258 0.66634
5093.30403 0.66553
5091.37547 0.6647
5089.44692 0.66383
5087.51837 0.66294
5085.58982 0.66201
5083.66127 0.66104
5081.73272 0.66004
5079.80417 0.65898
5077.87562 0.65786
5075.94706 0.65672
5074.01851 0.65557
5072.08996 0.65439
5070.16141 0.65315
5068.23286 0.65183
5066.30431 0.65049
5064.37576 0.64912
5062.44721 0.64772
5060.51865 0.64631
5058.5901 0.64486
5056.66155 0.64334
5054.733 0.64175
5052.80445 0.64012
5050.8759 0.63846
5048.94735 0.63676
5047.01879 0.63501
5045.09024 0.6332
5043.16169 0.63138
5041.23314 0.62952
5039.30459 0.6276
5037.37604 0.62563
5035.44749 0.62359
5033.51894 0.62152
5031.59038 0.61942
5029.66183 0.61729
5027.73328 0.6151
5025.80473 0.61285
5023.87618 0.61054
5021.94763 0.60817
5020.01908 0.60576
5018.09052 0.6033
5016.16197 0.6008
5014.23342 0.59827
5012.30487 0.59567
5010.37632 0.59299
5008.44777 0.59024
5006.51922 0.58744
5004.59067 0.5846
5002.66211 0.58171
5000.73356 0.57877
4998.80501 0.57578
4996.87646 0.57274
4994.94791 0.56965
4993.01936 0.56649
4991.09081 0.56325
4989.16226 0.55995
4987.2337 0.55662
4985.30515 0.55323
4983.3766 0.54976
4981.44805 0.54624
4979.5195 0.54264
4977.59095 0.539
4975.6624 0.53528
4973.73384 0.53152
4971.80529 0.5277
4969.87674 0.52381
4967.94819 0.51985
4966.01964 0.51583
4964.09109 0.51175
4962.16254 0.50759
4960.23399 0.50336
4958.30543 0.49906
4956.37688 0.49473
4954.44833 0.49036
4952.51978 0.48593
4950.59123 0.48144
4948.66268 0.47687
4946.73413 0.47222
4944.80557 0.46752
4942.87702 0.46274
4940.94847 0.45793
4939.01992 0.45307
4937.09137 0.44814
4935.16282 0.44315
4933.23427 0.43809
4931.30572 0.43297
4929.37716 0.42781
4927.44861 0.4226
4925.52006 0.41735
4923.59151 0.41204
4921.66296 0.40669
4919.73441 0.40128
4917.80586 0.39583
4915.87731 0.39032
4913.94875 0.38478
4912.0202 0.3792
4910.09165 0.37357
4908.1631 0.36792
4906.23455 0.36222
4904.306 0.35652
4902.37745 0.35078
4900.44889 0.34501
4898.52034 0.33923
4896.59179 0.33341
4894.66324 0.32759
4892.73469 0.32176
4890.80614 0.31593
4888.87759 0.3101
4886.94904 0.30424
4885.02048 0.2984
4883.09193 0.29255
4881.16338 0.28671
4879.23483 0.2809
4877.30628 0.27511
4875.37773 0.26935
4873.44918 0.26361
4871.52062 0.25792
4869.59207 0.25225
4867.66352 0.24663
4865.73497 0.24106
4863.80642 0.23554
4861.87787 0.23009
4859.94932 0.22469
4858.02077 0.21937
4856.09221 0.2141
4854.16366 0.20893
4852.23511 0.20384
4850.30656 0.19884
4848.37801 0.19394
4846.44946 0.18914
4844.52091 0.18445
4842.59236 0.17988
4840.6638 0.17542
4838.73525 0.1711
4836.8067 0.16689
4834.87815 0.16283
4832.9496 0.1589
4831.02105 0.15512
4829.0925 0.15149
4827.16394 0.148
4825.23539 0.14469
4823.30684 0.14154
4821.37829 0.13856
4819.44974 0.13575
4817.52119 0.13311
4815.59264 0.13067
4813.66409 0.1284
4811.73553 0.12633
4809.80698 0.12445
4807.87843 0.12276
4805.94988 0.12127
4804.02133 0.11998
4802.09278 0.11889
4800.16423 0.11802
4798.23567 0.11734
4796.30712 0.11687
4794.37857 0.1166
4792.45002 0.11655
4790.52147 0.11671
4788.59292 0.11709
4786.66437 0.11766
4784.73582 0.11844
4782.80726 0.11943
4780.87871 0.12064
4778.95016 0.12205
4777.02161 0.12366
4775.09306 0.12547
4773.16451 0.12748
4771.23596 0.12969
4769.30741 0.13209
4767.37885 0.13468
4765.4503 0.13745
4763.52175 0.14041
4761.5932 0.14356
4759.66465 0.14687
4757.7361 0.15036
4755.80755 0.15401
4753.87899 0.15782
4751.95044 0.1618
4750.02189 0.16593
4748.09334 0.1702
4746.16479 0.1746
4744.23624 0.17913
4742.30769 0.18379
4740.37914 0.18857
4738.45058 0.19348
4736.52203 0.1985
4734.59348 0.20362
4732.66493 0.20884
4730.73638 0.21415
4728.80783 0.21955
4726.87928 0.22503
4724.95072 0.23058
4723.02217 0.23621
4721.09362 0.2419
4719.16507 0.24764
4717.23652 0.25344
4715.30797 0.25928
4713.37942 0.26515
4711.45087 0.27107
4709.52231 0.27701
4707.59376 0.28298
4705.66521 0.28898
4703.73666 0.29498
4701.80811 0.30099
4699.87956 0.307
4697.95101 0.31303
4696.02246 0.31904
4694.0939 0.32505
4692.16535 0.33104
4690.2368 0.33703
4688.30825 0.343
4686.3797 0.34895
4684.45115 0.35486
4682.5226 0.36074
4680.59404 0.3666
4678.66549 0.37242
4676.73694 0.3782
4674.80839 0.38395
4672.87984 0.38965
4670.95129 0.39531
4669.02274 0.40092
4667.09419 0.4065
4665.16563 0.41201
4663.23708 0.41747
4661.30853 0.42288
4659.37998 0.42823
4657.45143 0.43353
4655.52288 0.43876
4653.59433 0.44394
4651.66577 0.44907
4649.73722 0.45412
4647.80867 0.45912
4645.88012 0.46405
4643.95157 0.46892
4642.02302 0.47374
4640.09447 0.47848
4638.16592 0.48317
4636.23736 0.48779
4634.30881 0.49235
4632.38026 0.49683
4630.45171 0.50126
4628.52316 0.50563
4626.59461 0.50991
4624.66606 0.51415
4622.73751 0.5183
4620.80895 0.52241
4618.8804 0.52646
4616.95185 0.53043
4615.0233 0.53434
4613.09475 0.53818
4611.1662 0.54197
4609.23765 0.54569
4607.30909 0.54935
4605.38054 0.55295
4603.45199 0.55648
4601.52344 0.55997
4599.59489 0.56339
4597.66634 0.56676
4595.73779 0.57005
4593.80924 0.57329
4591.88068 0.57648
4589.95213 0.57961
4588.02358 0.58267
4586.09503 0.58566
4584.16648 0.58862
4582.23793 0.59153
4580.30938 0.59438
4578.38082 0.59718
4576.45227 0.59992
4574.52372 0.60262
4572.59517 0.60527
4570.66662 0.60784
4568.73807 0.61038
4566.80952 0.61286
4564.88097 0.6153
4562.95241 0.61769
4561.02386 0.62002
4559.09531 0.62231
4557.16676 0.62455
4555.23821 0.62676
4553.30966 0.6289
4551.38111 0.631
4549.45256 0.63306
4547.524 0.63507
4545.59545 0.63705
4543.6669 0.63897
4541.73835 0.64086
4539.8098 0.64271
4537.88125 0.64451
4535.9527 0.64626
4534.02414 0.64797
4532.09559 0.64966
4530.16704 0.65128
4528.23849 0.65287
4526.30994 0.65443
4524.38139 0.65596
4522.45284 0.65745
4520.52429 0.65887
4518.59573 0.66027
4516.66718 0.66163
4514.73863 0.66296
4512.81008 0.66426
4510.88153 0.66552
4508.95298 0.66675
4507.02443 0.66793
4505.09587 0.66908
4503.16732 0.67019
4501.23877 0.67128
4499.31022 0.67233
4497.38167 0.67334
4495.45312 0.67433
4493.52457 0.67527
4491.59602 0.67619
4489.66746 0.67708
4487.73891 0.67792
4485.81036 0.67874
4483.88181 0.67952
4481.95326 0.68028
4480.02471 0.681
4478.09616 0.68169
4476.16761 0.68234
4474.23905 0.68297
4472.3105 0.68359
4470.38195 0.68416
4468.4534 0.68471
4466.52485 0.68521
4464.5963 0.6857
4462.66775 0.68616
4460.73919 0.68658
4458.81064 0.68697
4456.88209 0.68733
4454.95354 0.68767
4453.02499 0.68798
4451.09644 0.68827
4449.16789 0.68852
4447.23934 0.68873
4445.31078 0.68893
4443.38223 0.6891
4441.45368 0.68923
4439.52513 0.68933
4437.59658 0.68941
4435.66803 0.68945
4433.73948 0.68947
4431.81092 0.68945
4429.88237 0.68941
4427.95382 0.68936
4426.02527 0.68928
4424.09672 0.68915
4422.16817 0.689
4420.23962 0.68883
4418.31107 0.68862
4416.38251 0.68839
4414.45396 0.68813
4412.52541 0.68784
4410.59686 0.6875
4408.66831 0.68712
4406.73976 0.68675
4404.81121 0.68635
4402.88266 0.68593
4400.9541 0.68547
4399.02555 0.68498
4397.097 0.68445
4395.16845 0.68389
4393.2399 0.68331
4391.31135 0.6827
4389.3828 0.68205
4387.45424 0.68138
4385.52569 0.68066
4383.59714 0.67994
4381.66859 0.67918
4379.74004 0.67839
4377.81149 0.67755
4375.88294 0.67668
4373.95439 0.67579
4372.02583 0.67487
4370.09728 0.67393
4368.16873 0.67294
4366.24018 0.67193
4364.31163 0.67087
4362.38308 0.6698
4360.45453 0.66869
4358.52597 0.66755
4356.59742 0.66636
4354.66887 0.66513
4352.74032 0.66389
4350.81177 0.66261
4348.88322 0.66128
4346.95467 0.65992
4345.02612 0.65851
4343.09756 0.6571
4341.16901 0.65564
4339.24046 0.65415
4337.31191 0.65262
4335.38336 0.65104
4333.45481 0.64942
4331.52626 0.64777
4329.59771 0.64609
4327.66915 0.64437
4325.7406 0.64259
4323.81205 0.64077
4321.8835 0.63892
4319.95495 0.63704
4318.0264 0.63509
4316.09785 0.63311
4314.16929 0.6311
4312.24074 0.62905
4310.31219 0.62696
4308.38364 0.62481
4306.45509 0.62262
4304.52654 0.6204
4302.59799 0.61812
4300.66944 0.6158
4298.74088 0.61341
4296.81233 0.611
4294.88378 0.60853
4292.95523 0.60603
4291.02668 0.60348
4289.09813 0.60087
4287.16958 0.59822
4285.24102 0.5955
4283.31247 0.59277
4281.38392 0.58997
4279.45537 0.58711
4277.52682 0.58419
4275.59827 0.58122
4273.66972 0.57821
4271.74117 0.57515
4269.81261 0.57204
4267.88406 0.56886
4265.95551 0.56562
4264.02696 0.56234
4262.09841 0.55901
4260.16986 0.55562
4258.24131 0.55216
4256.31275 0.54866
4254.3842 0.5451
4252.45565 0.54148
4250.5271 0.53782
4248.59855 0.53409
4246.67 0.53029
4244.74145 0.52643
4242.8129 0.52253
4240.88434 0.51857
4238.95579 0.51454
4237.02724 0.51045
4235.09869 0.5063
4233.17014 0.50211
4231.24159 0.49785
4229.31304 0.49351
4227.38449 0.48913
4225.45593 0.48467
4223.52738 0.48016
4221.59883 0.47561
4219.67028 0.47098
4217.74173 0.46631
4215.81318 0.46157
4213.88463 0.45677
4211.95607 0.45191
4210.02752 0.44699
4208.09897 0.44203
4206.17042 0.43701
4204.24187 0.43195
4202.31332 0.42681
4200.38477 0.42163
4198.45622 0.4164
4196.52766 0.4111
4194.59911 0.40576
4192.67056 0.40038
4190.74201 0.39496
4188.81346 0.38949
4186.88491 0.38396
4184.95636 0.37839
4183.0278 0.37279
4181.09925 0.36718
4179.1707 0.36151
4177.24215 0.35581
4175.3136 0.35006
4173.38505 0.34429
4171.4565 0.33848
4169.52795 0.33266
4167.59939 0.32684
4165.67084 0.321
4163.74229 0.31514
4161.81374 0.30927
4159.88519 0.30339
4157.95664 0.29751
4156.02809 0.29163
4154.09954 0.28576
4152.17098 0.27989
4150.24243 0.27403
4148.31388 0.26819
4146.38533 0.26236
4144.45678 0.25656
4142.52823 0.25078
4140.59968 0.24505
4138.67112 0.23936
4136.74257 0.2337
4134.81402 0.22809
4132.88547 0.22253
4130.95692 0.21703
4129.02837 0.2116
4127.09982 0.20624
4125.17127 0.20095
4123.24271 0.19574
4121.31416 0.19061
4119.38561 0.18555
4117.45706 0.18061
4115.52851 0.17577
4113.59996 0.17104
4111.67141 0.16642
4109.74285 0.16191
4107.8143 0.15753
4105.88575 0.15326
4103.9572 0.14912
4102.02865 0.14512
4100.1001 0.14125
4098.17155 0.13754
4096.243 0.13397
4094.31444 0.13058
4092.38589 0.12735
4090.45734 0.12429
4088.52879 0.12139
4086.60024 0.11866
4084.67169 0.1161
4082.74314 0.11373
4080.81459 0.11154
4078.88603 0.10955
4076.95748 0.10774
4075.02893 0.10611
4073.10038 0.10467
4071.17183 0.10346
4069.24328 0.10244
4067.31473 0.10162
4065.38617 0.10101
4063.45762 0.10058
4061.52907 0.10035
4059.60052 0.10034
4057.67197 0.10054
4055.74342 0.10096
4053.81487 0.10157
4051.88632 0.10239
4049.95776 0.10339
