R_270c3_(GST_1000nm)_DTGS_MIR_CaF2,R_270c3_(GST_1000nm)_DTGS_MIR_CaF2
7496.27897 0.42635
7494.35041 0.41952
7492.42186 0.41746
7490.49331 0.42726
7488.56476 0.43093
7486.63621 0.415
7484.70766 0.3908
7482.77911 0.37933
7480.85056 0.38181
7478.922 0.38965
7476.99345 0.40178
7475.0649 0.41488
7473.13635 0.40888
7471.2078 0.38113
7469.27925 0.36345
7467.3507 0.3704
7465.42215 0.3763
7463.49359 0.3761
7461.56504 0.39443
7459.63649 0.42103
7457.70794 0.42959
7455.77939 0.42229
7453.85084 0.41668
7451.92229 0.41988
7449.99373 0.42948
7448.06518 0.43231
7446.13663 0.41067
7444.20808 0.37777
7442.27953 0.36109
7440.35098 0.36839
7438.42243 0.38059
7436.49388 0.38488
7434.56532 0.40265
7432.63677 0.42961
7430.70822 0.43047
7428.77967 0.40072
7426.85112 0.38113
7424.92257 0.39976
7422.99402 0.43712
7421.06546 0.45735
7419.13691 0.44889
7417.20836 0.42095
7415.27981 0.39494
7413.35126 0.38966
7411.42271 0.39181
7409.49416 0.38878
7407.56561 0.39478
7405.63705 0.40101
7403.7085 0.38784
7401.77995 0.37009
7399.8514 0.36737
7397.92285 0.3737
7395.9943 0.38684
7394.06575 0.40123
7392.1372 0.41257
7390.20864 0.42523
7388.28009 0.43216
7386.35154 0.42145
7384.42299 0.40186
7382.49444 0.38958
7380.56589 0.39018
7378.63734 0.38568
7376.70878 0.37226
7374.78023 0.38768
7372.85168 0.42631
7370.92313 0.44232
7368.99458 0.43053
7367.06603 0.40037
7365.13748 0.36088
7363.20893 0.34099
7361.28037 0.35382
7359.35182 0.37159
7357.42327 0.3656
7355.49472 0.35939
7353.56617 0.3838
7351.63762 0.41196
7349.70907 0.41032
7347.78051 0.39566
7345.85196 0.39453
7343.92341 0.39938
7341.99486 0.40092
7340.06631 0.40562
7338.13776 0.41283
7336.20921 0.41617
7334.28066 0.41161
7332.3521 0.39629
7330.42355 0.37925
7328.495 0.37843
7326.56645 0.39238
7324.6379 0.38971
7322.70935 0.37613
7320.7808 0.37357
7318.85225 0.37457
7316.92369 0.37916
7314.99514 0.38942
7313.06659 0.39061
7311.13804 0.38309
7309.20949 0.36872
7307.28094 0.3468
7305.35239 0.34195
7303.42383 0.36489
7301.49528 0.39078
7299.56673 0.39703
7297.63818 0.38567
7295.70963 0.37552
7293.78108 0.37892
7291.85253 0.39003
7289.92398 0.39961
7287.99542 0.40465
7286.06687 0.41278
7284.13832 0.42374
7282.20977 0.41857
7280.28122 0.40295
7278.35267 0.39388
7276.42412 0.39697
7274.49556 0.40519
7272.56701 0.3986
7270.63846 0.3884
7268.70991 0.39577
7266.78136 0.40425
7264.85281 0.39955
7262.92426 0.38973
7260.99571 0.36992
7259.06715 0.34166
7257.1386 0.33153
7255.21005 0.34919
7253.2815 0.37809
7251.35295 0.40375
7249.4244 0.42107
7247.49585 0.42681
7245.5673 0.42136
7243.63874 0.41238
7241.71019 0.40922
7239.78164 0.41579
7237.85309 0.41899
7235.92454 0.40916
7233.99599 0.3993
7232.06744 0.40157
7230.13888 0.40265
7228.21033 0.39362
7226.28178 0.39139
7224.35323 0.4048
7222.42468 0.42401
7220.49613 0.4376
7218.56758 0.444
7216.63903 0.44612
7214.71047 0.43734
7212.78192 0.4207
7210.85337 0.40841
7208.92482 0.40323
7206.99627 0.40941
7205.06772 0.41001
7203.13917 0.38704
7201.21061 0.37394
7199.28206 0.39873
7197.35351 0.42787
7195.42496 0.43337
7193.49641 0.43234
7191.56786 0.433
7189.63931 0.4216
7187.71076 0.40699
7185.7822 0.40912
7183.85365 0.42052
7181.9251 0.41439
7179.99655 0.4
7178.068 0.4026
7176.13945 0.42061
7174.2109 0.43946
7172.28235 0.43571
7170.35379 0.40636
7168.42524 0.37802
7166.49669 0.36984
7164.56814 0.38998
7162.63959 0.42456
7160.71104 0.43659
7158.78249 0.42061
7156.85393 0.40597
7154.92538 0.39455
7152.99683 0.38476
7151.06828 0.39643
7149.13973 0.42625
7147.21118 0.43625
7145.28263 0.41434
7143.35408 0.39751
7141.42552 0.40963
7139.49697 0.42953
7137.56842 0.43879
7135.63987 0.43542
7133.71132 0.4242
7131.78277 0.42103
7129.85422 0.43355
7127.92566 0.44751
7125.99711 0.45787
7124.06856 0.46728
7122.14001 0.46767
7120.21146 0.4559
7118.28291 0.43885
7116.35436 0.42089
7114.42581 0.41082
7112.49725 0.40944
7110.5687 0.413
7108.64015 0.42619
7106.7116 0.44407
7104.78305 0.45068
7102.8545 0.4411
7100.92595 0.42523
7098.9974 0.41377
7097.06884 0.40709
7095.14029 0.40574
7093.21174 0.4175
7091.28319 0.43562
7089.35464 0.44226
7087.42609 0.43981
7085.49754 0.43266
7083.56898 0.4197
7081.64043 0.41385
7079.71188 0.42613
7077.78333 0.44061
7075.85478 0.43975
7073.92623 0.43404
7071.99768 0.44418
7070.06913 0.46186
7068.14057 0.46121
7066.21202 0.44052
7064.28347 0.42747
7062.35492 0.43429
7060.42637 0.43884
7058.49782 0.43496
7056.56927 0.43685
7054.64071 0.43176
7052.71216 0.41972
7050.78361 0.4196
7048.85506 0.42637
7046.92651 0.42422
7044.99796 0.41599
7043.06941 0.40954
7041.14086 0.41806
7039.2123 0.43925
7037.28375 0.4451
7035.3552 0.43394
7033.42665 0.42981
7031.4981 0.4318
7029.56955 0.42916
7027.641 0.427
7025.71245 0.42404
7023.78389 0.4151
7021.85534 0.41023
7019.92679 0.4207
7017.99824 0.43555
7016.06969 0.43518
7014.14114 0.42455
7012.21259 0.42087
7010.28403 0.41941
7008.35548 0.41489
7006.42693 0.41455
7004.49838 0.42584
7002.56983 0.44617
7000.64128 0.46038
6998.71273 0.4629
6996.78418 0.46189
6994.85562 0.45757
6992.92707 0.4472
6990.99852 0.43921
6989.06997 0.43133
6987.14142 0.42631
6985.21287 0.44037
6983.28432 0.46735
6981.35576 0.48032
6979.42721 0.46699
6977.49866 0.43806
6975.57011 0.41583
6973.64156 0.40749
6971.71301 0.40237
6969.78446 0.40242
6967.85591 0.40989
6965.92735 0.41063
6963.9988 0.4076
6962.07025 0.4218
6960.1417 0.44757
6958.21315 0.45591
6956.2846 0.44334
6954.35605 0.43036
6952.4275 0.42178
6950.49894 0.41923
6948.57039 0.43194
6946.64184 0.45217
6944.71329 0.45788
6942.78474 0.44677
6940.85619 0.43681
6938.92764 0.43431
6936.99908 0.42728
6935.07053 0.4107
6933.14198 0.39427
6931.21343 0.39013
6929.28488 0.40459
6927.35633 0.4268
6925.42778 0.43071
6923.49923 0.41936
6921.57067 0.41244
6919.64212 0.40922
6917.71357 0.41161
6915.78502 0.42117
6913.85647 0.42503
6911.92792 0.42097
6909.99937 0.41657
6908.07081 0.41243
6906.14226 0.40626
6904.21371 0.40215
6902.28516 0.40721
6900.35661 0.42354
6898.42806 0.43869
6896.49951 0.44149
6894.57096 0.44338
6892.6424 0.44586
6890.71385 0.44047
6888.7853 0.43032
6886.85675 0.42095
6884.9282 0.4189
6882.99965 0.42226
6881.0711 0.41801
6879.14255 0.40442
6877.21399 0.39416
6875.28544 0.39489
6873.35689 0.40032
6871.42834 0.40079
6869.49979 0.39635
6867.57124 0.38993
6865.64269 0.38263
6863.71413 0.3842
6861.78558 0.40251
6859.85703 0.41446
6857.92848 0.41007
6855.99993 0.41072
6854.07138 0.41568
6852.14283 0.40858
6850.21428 0.39764
6848.28572 0.39439
6846.35717 0.39674
6844.42862 0.40835
6842.50007 0.41845
6840.57152 0.40913
6838.64297 0.38699
6836.71442 0.37172
6834.78586 0.366
6832.85731 0.35866
6830.92876 0.35517
6829.00021 0.36568
6827.07166 0.3831
6825.14311 0.39134
6823.21456 0.39331
6821.28601 0.39703
6819.35745 0.39743
6817.4289 0.39063
6815.50035 0.37526
6813.5718 0.36243
6811.64325 0.36506
6809.7147 0.36761
6807.78615 0.36084
6805.8576 0.36801
6803.92904 0.38701
6802.00049 0.39234
6800.07194 0.38553
6798.14339 0.37357
6796.21484 0.35976
6794.28629 0.3557
6792.35774 0.35606
6790.42918 0.35589
6788.50063 0.35921
6786.57208 0.36443
6784.64353 0.37068
6782.71498 0.36919
6780.78643 0.34924
6778.85788 0.32343
6776.92933 0.31327
6775.00077 0.32408
6773.07222 0.3478
6771.14367 0.37173
6769.21512 0.38137
6767.28657 0.36835
6765.35802 0.34828
6763.42947 0.33777
6761.50091 0.33361
6759.57236 0.33256
6757.64381 0.33307
6755.71526 0.32994
6753.78671 0.32965
6751.85816 0.33759
6749.92961 0.34602
6748.00106 0.34301
6746.0725 0.32607
6744.14395 0.30835
6742.2154 0.3024
6740.28685 0.31073
6738.3583 0.32352
6736.42975 0.32812
6734.5012 0.3273
6732.57265 0.33613
6730.64409 0.35846
6728.71554 0.37328
6726.78699 0.36756
6724.85844 0.35024
6722.92989 0.33533
6721.00134 0.32983
6719.07279 0.33429
6717.14423 0.3402
6715.21568 0.34214
6713.28713 0.34401
6711.35858 0.3442
6709.43003 0.33866
6707.50148 0.33479
6705.57293 0.34273
6703.64438 0.3587
6701.71582 0.36253
6699.78727 0.35564
6697.85872 0.3537
6695.93017 0.35106
6694.00162 0.34345
6692.07307 0.33606
6690.14452 0.32959
6688.21596 0.32602
6686.28741 0.33421
6684.35886 0.34946
6682.43031 0.3535
6680.50176 0.34341
6678.57321 0.33842
6676.64466 0.34969
6674.71611 0.35893
6672.78755 0.35032
6670.859 0.34185
6668.93045 0.3464
6667.0019 0.35818
6665.07335 0.36959
6663.1448 0.36965
6661.21625 0.36076
6659.2877 0.35632
6657.35914 0.35522
6655.43059 0.35548
6653.50204 0.35436
6651.57349 0.35306
6649.64494 0.3546
6647.71639 0.34716
6645.78784 0.33914
6643.85928 0.35106
6641.93073 0.36933
6640.00218 0.3748
6638.07363 0.37277
6636.14508 0.36638
6634.21653 0.36136
6632.28798 0.36682
6630.35943 0.37675
6628.43087 0.37905
6626.50232 0.3776
6624.57377 0.37964
6622.64522 0.38425
6620.71667 0.3892
6618.78812 0.38493
6616.85957 0.37789
6614.93101 0.3812
6613.00246 0.38653
6611.07391 0.39146
6609.14536 0.39972
6607.21681 0.40633
6605.28826 0.4048
6603.35971 0.39585
6601.43116 0.39072
6599.5026 0.39103
6597.57405 0.39535
6595.6455 0.4056
6593.71695 0.41149
6591.7884 0.40998
6589.85985 0.40589
6587.9313 0.39927
6586.00275 0.39847
6584.07419 0.41105
6582.14564 0.42381
6580.21709 0.42158
6578.28854 0.40906
6576.35999 0.39722
6574.43144 0.39491
6572.50289 0.40458
6570.57433 0.4143
6568.64578 0.41585
6566.71723 0.418
6564.78868 0.42494
6562.86013 0.43026
6560.93158 0.43725
6559.00303 0.44475
6557.07448 0.44011
6555.14592 0.43199
6553.21737 0.43716
6551.28882 0.44728
6549.36027 0.44875
6547.43172 0.44721
6545.50317 0.44583
6543.57462 0.44056
6541.64606 0.44462
6539.71751 0.46159
6537.78896 0.47121
6535.86041 0.47013
6533.93186 0.46609
6532.00331 0.4571
6530.07476 0.45002
6528.14621 0.45603
6526.21765 0.46851
6524.2891 0.47782
6522.36055 0.47964
6520.432 0.47418
6518.50345 0.46988
6516.5749 0.46916
6514.64635 0.46759
6512.7178 0.47084
6510.78924 0.4817
6508.86069 0.48584
6506.93214 0.47519
6505.00359 0.46395
6503.07504 0.46729
6501.14649 0.47859
6499.21794 0.48276
6497.28938 0.48028
6495.36083 0.47834
6493.43228 0.48627
6491.50373 0.5055
6489.57518 0.51562
6487.64663 0.51092
6485.71808 0.50515
6483.78953 0.50226
6481.86097 0.49984
6479.93242 0.49947
6478.00387 0.49999
6476.07532 0.49813
6474.14677 0.49736
6472.21822 0.49496
6470.28967 0.48422
6468.36111 0.47878
6466.43256 0.48579
6464.50401 0.48764
6462.57546 0.48204
6460.64691 0.48675
6458.71836 0.4984
6456.78981 0.50546
6454.86126 0.51309
6452.9327 0.51879
6451.00415 0.51168
6449.0756 0.50323
6447.14705 0.51001
6445.2185 0.52614
6443.28995 0.53756
6441.3614 0.53771
6439.43284 0.53033
6437.50429 0.52205
6435.57574 0.51395
6433.64719 0.5057
6431.71864 0.50398
6429.79009 0.50954
6427.86154 0.51217
6425.93299 0.51081
6424.00443 0.51259
6422.07588 0.51734
6420.14733 0.51915
6418.21878 0.51193
6416.29023 0.49736
6414.36168 0.48794
6412.43313 0.49056
6410.50458 0.50189
6408.57602 0.51634
6406.64747 0.52497
6404.71892 0.51867
6402.79037 0.50574
6400.86182 0.50108
6398.93327 0.49998
6397.00472 0.49929
6395.07616 0.50318
6393.14761 0.50647
6391.21906 0.50649
6389.29051 0.50702
6387.36196 0.51525
6385.43341 0.52767
6383.50486 0.53036
6381.57631 0.52508
6379.64775 0.52071
6377.7192 0.52115
6375.79065 0.52501
6373.8621 0.52654
6371.93355 0.52638
6370.005 0.52543
6368.07645 0.52082
6366.14789 0.51118
6364.21934 0.49781
6362.29079 0.49265
6360.36224 0.50205
6358.43369 0.50891
6356.50514 0.5042
6354.57659 0.50057
6352.64804 0.50095
6350.71948 0.49676
6348.79093 0.492
6346.86238 0.49214
6344.93383 0.49315
6343.00528 0.49524
6341.07673 0.49515
6339.14818 0.49095
6337.21963 0.4902
6335.29107 0.49374
6333.36252 0.49471
6331.43397 0.48808
6329.50542 0.47771
6327.57687 0.47636
6325.64832 0.48122
6323.71977 0.47942
6321.79121 0.47727
6319.86266 0.48551
6317.93411 0.49654
6316.00556 0.49891
6314.07701 0.49576
6312.14846 0.4917
6310.21991 0.48581
6308.29136 0.48284
6306.3628 0.48435
6304.43425 0.48414
6302.5057 0.48303
6300.57715 0.48308
6298.6486 0.47935
6296.72005 0.4724
6294.7915 0.46709
6292.86294 0.46435
6290.93439 0.46238
6289.00584 0.45994
6287.07729 0.46202
6285.14874 0.46572
6283.22019 0.45906
6281.29164 0.44375
6279.36309 0.43355
6277.43453 0.43034
6275.50598 0.42468
6273.57743 0.41789
6271.64888 0.41724
6269.72033 0.419
6267.79178 0.41669
6265.86323 0.41412
6263.93468 0.41957
6262.00612 0.42729
6260.07757 0.4278
6258.14902 0.42438
6256.22047 0.41919
6254.29192 0.40842
6252.36337 0.39426
6250.43482 0.38345
6248.50626 0.38005
6246.57771 0.38345
6244.64916 0.38924
6242.72061 0.39287
6240.79206 0.39294
6238.86351 0.39012
6236.93496 0.38777
6235.00641 0.38672
6233.07785 0.38405
6231.1493 0.37583
6229.22075 0.36577
6227.2922 0.36244
6225.36365 0.36366
6223.4351 0.36513
6221.50655 0.36827
6219.57799 0.37029
6217.64944 0.36546
6215.72089 0.35465
6213.79234 0.34566
6211.86379 0.34206
6209.93524 0.34341
6208.00669 0.34547
6206.07814 0.34199
6204.14958 0.3376
6202.22103 0.33555
6200.29248 0.32978
6198.36393 0.31941
6196.43538 0.31559
6194.50683 0.3206
6192.57828 0.31635
6190.64973 0.30086
6188.72117 0.29104
6186.79262 0.28641
6184.86407 0.28219
6182.93552 0.28265
6181.00697 0.2828
6179.07842 0.2751
6177.14987 0.27031
6175.22131 0.28051
6173.29276 0.2951
6171.36421 0.29852
6169.43566 0.29461
6167.50711 0.29152
6165.57856 0.28779
6163.65001 0.28137
6161.72146 0.27439
6159.7929 0.2698
6157.86435 0.27033
6155.9358 0.2709
6154.00725 0.26392
6152.0787 0.25013
6150.15015 0.23593
6148.2216 0.22884
6146.29304 0.23537
6144.36449 0.25136
6142.43594 0.25895
6140.50739 0.25663
6138.57884 0.26246
6136.65029 0.27183
6134.72174 0.26534
6132.79319 0.24989
6130.86463 0.24113
6128.93608 0.23731
6127.00753 0.23375
6125.07898 0.23053
6123.15043 0.22684
6121.22188 0.22355
6119.29333 0.22611
6117.36478 0.23449
6115.43622 0.23656
6113.50767 0.22783
6111.57912 0.21656
6109.65057 0.20704
6107.72202 0.2042
6105.79347 0.21233
6103.86492 0.22495
6101.93636 0.23275
6100.00781 0.23269
6098.07926 0.22936
6096.15071 0.23108
6094.22216 0.23721
6092.29361 0.23596
6090.36506 0.22664
6088.43651 0.22128
6086.50795 0.22134
6084.5794 0.22228
6082.65085 0.22756
6080.7223 0.23753
6078.79375 0.24303
6076.8652 0.24375
6074.93665 0.24906
6073.00809 0.25666
6071.07954 0.25426
6069.15099 0.24145
6067.22244 0.23571
6065.29389 0.24678
6063.36534 0.26109
6061.43679 0.26947
6059.50824 0.27411
6057.57968 0.27256
6055.65113 0.26951
6053.72258 0.27118
6051.79403 0.27401
6049.86548 0.27846
6047.93693 0.28735
6046.00838 0.29441
6044.07983 0.29463
6042.15127 0.29159
6040.22272 0.29042
6038.29417 0.29269
6036.36562 0.29638
6034.43707 0.30155
6032.50852 0.31079
6030.57997 0.31664
6028.65141 0.31815
6026.72286 0.32258
6024.79431 0.32854
6022.86576 0.33705
6020.93721 0.34327
6019.00866 0.33733
6017.08011 0.33229
6015.15156 0.33876
6013.223 0.34729
6011.29445 0.35572
6009.3659 0.36615
6007.43735 0.37037
6005.5088 0.37068
6003.58025 0.37338
6001.6517 0.37305
5999.72314 0.37221
5997.79459 0.37562
5995.86604 0.38174
5993.93749 0.39134
5992.00894 0.39699
5990.08039 0.39508
5988.15184 0.39863
5986.22329 0.41168
5984.29473 0.42162
5982.36618 0.42338
5980.43763 0.42371
5978.50908 0.42339
5976.58053 0.42013
5974.65198 0.41679
5972.72343 0.42066
5970.79488 0.43562
5968.86632 0.45093
5966.93777 0.45672
5965.00922 0.45855
5963.08067 0.46451
5961.15212 0.47211
5959.22357 0.47327
5957.29502 0.47197
5955.36646 0.48012
5953.43791 0.48872
5951.50936 0.48157
5949.58081 0.47092
5947.65226 0.47522
5945.72371 0.49254
5943.79516 0.5069
5941.86661 0.50749
5939.93805 0.50029
5938.0095 0.49689
5936.08095 0.50128
5934.1524 0.5073
5932.22385 0.50671
5930.2953 0.50051
5928.36675 0.49755
5926.43819 0.49815
5924.50964 0.50317
5922.58109 0.5182
5920.65254 0.53373
5918.72399 0.5396
5916.79544 0.53919
5914.86689 0.53434
5912.93834 0.52571
5911.00978 0.51741
5909.08123 0.51679
5907.15268 0.52471
5905.22413 0.53089
5903.29558 0.53643
5901.36703 0.54779
5899.43848 0.55255
5897.50993 0.5495
5895.58137 0.55258
5893.65282 0.55702
5891.72427 0.55657
5889.79572 0.55887
5887.86717 0.56647
5885.93862 0.57047
5884.01007 0.56817
5882.08151 0.57027
5880.15296 0.5783
5878.22441 0.58202
5876.29586 0.57689
5874.36731 0.56876
5872.43876 0.56558
5870.51021 0.56862
5868.58166 0.57602
5866.6531 0.58213
5864.72455 0.58481
5862.796 0.58769
5860.86745 0.58628
5858.9389 0.58013
5857.01035 0.58223
5855.0818 0.59637
5853.15324 0.6087
5851.22469 0.6083
5849.29614 0.59887
5847.36759 0.58961
5845.43904 0.58766
5843.51049 0.59325
5841.58194 0.6003
5839.65339 0.60169
5837.72483 0.59797
5835.79628 0.59885
5833.86773 0.60677
5831.93918 0.61194
5830.01063 0.60834
5828.08208 0.60585
5826.15353 0.61103
5824.22498 0.61441
5822.29642 0.61597
5820.36787 0.62359
5818.43932 0.63019
5816.51077 0.62748
5814.58222 0.62244
5812.65367 0.62184
5810.72512 0.62484
5808.79656 0.62579
5806.86801 0.61768
5804.93946 0.61043
5803.01091 0.61542
5801.08236 0.6218
5799.15381 0.62194
5797.22526 0.62395
5795.29671 0.63138
5793.36815 0.63778
5791.4396 0.63461
5789.51105 0.62236
5787.5825 0.61243
5785.65395 0.61362
5783.7254 0.62025
5781.79685 0.61972
5779.86829 0.6154
5777.93974 0.6207
5776.01119 0.63012
5774.08264 0.63121
5772.15409 0.62679
5770.22554 0.6208
5768.29699 0.6119
5766.36844 0.60441
5764.43988 0.60538
5762.51133 0.6138
5760.58278 0.62226
5758.65423 0.62294
5756.72568 0.61534
5754.79713 0.60699
5752.86858 0.60154
5750.94003 0.59805
5749.01147 0.59849
5747.08292 0.60168
5745.15437 0.60395
5743.22582 0.60827
5741.29727 0.61557
5739.36872 0.61819
5737.44017 0.61469
5735.51161 0.60798
5733.58306 0.59734
5731.65451 0.59131
5729.72596 0.59531
5727.79741 0.59689
5725.86886 0.58807
5723.94031 0.57767
5722.01176 0.57822
5720.0832 0.59042
5718.15465 0.5993
5716.2261 0.59683
5714.29755 0.59227
5712.369 0.58582
5710.44045 0.57479
5708.5119 0.57387
5706.58334 0.58474
5704.65479 0.58673
5702.72624 0.57444
5700.79769 0.56211
5698.86914 0.55948
5696.94059 0.56387
5695.01204 0.56466
5693.08349 0.56143
5691.15493 0.56382
5689.22638 0.56621
5687.29783 0.55889
5685.36928 0.54728
5683.44073 0.53975
5681.51218 0.53604
5679.58363 0.53086
5677.65508 0.52689
5675.72652 0.53001
5673.79797 0.53472
5671.86942 0.53151
5669.94087 0.52205
5668.01232 0.51622
5666.08377 0.51962
5664.15522 0.52715
5662.22666 0.53015
5660.29811 0.52777
5658.36956 0.52599
5656.44101 0.52277
5654.51246 0.51347
5652.58391 0.50634
5650.65536 0.50649
5648.72681 0.50496
5646.79825 0.50004
5644.8697 0.49874
5642.94115 0.49736
5641.0126 0.48946
5639.08405 0.47913
5637.1555 0.47005
5635.22695 0.46458
5633.29839 0.46722
5631.36984 0.47048
5629.44129 0.46653
5627.51274 0.46529
5625.58419 0.46933
5623.65564 0.46492
5621.72709 0.45069
5619.79854 0.43491
5617.86998 0.41949
5615.94143 0.41127
5614.01288 0.4162
5612.08433 0.42361
5610.15578 0.4213
5608.22723 0.41098
5606.29868 0.39972
5604.37013 0.39044
5602.44157 0.38515
5600.51302 0.38449
5598.58447 0.38647
5596.65592 0.39109
5594.72737 0.39252
5592.79882 0.38232
5590.87027 0.36682
5588.94171 0.35514
5587.01316 0.34971
5585.08461 0.35116
5583.15606 0.35365
5581.22751 0.35171
5579.29896 0.34764
5577.37041 0.34182
5575.44186 0.33289
5573.5133 0.32492
5571.58475 0.32132
5569.6562 0.3169
5567.72765 0.30881
5565.7991 0.30388
5563.87055 0.30083
5561.942 0.29389
5560.01344 0.2876
5558.08489 0.28501
5556.15634 0.28204
5554.22779 0.27326
5552.29924 0.26131
5550.37069 0.25468
5548.44214 0.25334
5546.51359 0.25328
5544.58503 0.24893
5542.65648 0.24104
5540.72793 0.23929
5538.79938 0.24008
5536.87083 0.23254
5534.94228 0.2222
5533.01373 0.22051
5531.08518 0.22708
5529.15662 0.23285
5527.22807 0.23159
5525.29952 0.22499
5523.37097 0.21783
5521.44242 0.20865
5519.51387 0.19782
5517.58532 0.19534
5515.65676 0.20173
5513.72821 0.2028
5511.79966 0.19375
5509.87111 0.18264
5507.94256 0.1711
5506.01401 0.15905
5504.08546 0.1537
5502.15691 0.15504
5500.22835 0.15557
5498.2998 0.15506
5496.37125 0.15585
5494.4427 0.15701
5492.51415 0.15893
5490.5856 0.16123
5488.65705 0.15944
5486.72849 0.15164
5484.79994 0.14567
5482.87139 0.14744
5480.94284 0.15319
5479.01429 0.15671
5477.08574 0.15617
5475.15719 0.15553
5473.22864 0.15565
5471.30008 0.15443
5469.37153 0.15409
5467.44298 0.15408
5465.51443 0.15031
5463.58588 0.14572
5461.65733 0.14896
5459.72878 0.15952
5457.80023 0.16607
5455.87167 0.16613
5453.94312 0.1657
5452.01457 0.16809
5450.08602 0.17195
5448.15747 0.17462
5446.22892 0.17538
5444.30037 0.17474
5442.37181 0.17392
5440.44326 0.17639
5438.51471 0.18492
5436.58616 0.19608
5434.65761 0.20538
5432.72906 0.21262
5430.80051 0.21828
5428.87196 0.22122
5426.9434 0.22211
5425.01485 0.22447
5423.0863 0.22498
5421.15775 0.21871
5419.2292 0.21526
5417.30065 0.22506
5415.3721 0.24071
5413.44354 0.24986
5411.51499 0.25317
5409.58644 0.25703
5407.65789 0.2618
5405.72934 0.26589
5403.80079 0.26979
5401.87224 0.27412
5399.94369 0.27672
5398.01513 0.27645
5396.08658 0.27962
5394.15803 0.2886
5392.22948 0.29679
5390.30093 0.30092
5388.37238 0.30461
5386.44383 0.30919
5384.51528 0.31217
5382.58672 0.31459
5380.65817 0.3195
5378.72962 0.32893
5376.80107 0.34032
5374.87252 0.34843
5372.94397 0.35695
5371.01542 0.36954
5369.08686 0.37502
5367.15831 0.36949
5365.22976 0.3683
5363.30121 0.37729
5361.37266 0.38736
5359.44411 0.39544
5357.51556 0.40324
5355.58701 0.40977
5353.65845 0.41127
5351.7299 0.40842
5349.80135 0.41158
5347.8728 0.42364
5345.94425 0.43336
5344.0157 0.43529
5342.08715 0.43756
5340.15859 0.44513
5338.23004 0.45226
5336.30149 0.45694
5334.37294 0.46305
5332.44439 0.47035
5330.51584 0.47849
5328.58729 0.48898
5326.65874 0.49662
5324.73018 0.49461
5322.80163 0.48691
5320.87308 0.48378
5318.94453 0.48898
5317.01598 0.4959
5315.08743 0.50093
5313.15888 0.50979
5311.23032 0.52171
5309.30177 0.53189
5307.37322 0.53896
5305.44467 0.5414
5303.51612 0.54132
5301.58757 0.54
5299.65902 0.53615
5297.73047 0.53228
5295.80191 0.53285
5293.87336 0.54322
5291.94481 0.56071
5290.01626 0.57021
5288.08771 0.56628
5286.15916 0.56114
5284.23061 0.56603
5282.30206 0.57831
5280.3735 0.58643
5278.44495 0.58619
5276.5164 0.58469
5274.58785 0.58514
5272.6593 0.58598
5270.73075 0.58919
5268.8022 0.59429
5266.87364 0.59604
5264.94509 0.59439
5263.01654 0.59563
5261.08799 0.60234
5259.15944 0.6092
5257.23089 0.61019
5255.30234 0.60891
5253.37379 0.61003
5251.44523 0.61229
5249.51668 0.61781
5247.58813 0.62514
5245.65958 0.62505
5243.73103 0.61969
5241.80248 0.61845
5239.87393 0.62018
5237.94537 0.62138
5236.01682 0.6241
5234.08827 0.63014
5232.15972 0.63961
5230.23117 0.64824
5228.30262 0.65266
5226.37407 0.65548
5224.44552 0.65628
5222.51696 0.65431
5220.58841 0.6547
5218.65986 0.65602
5216.73131 0.65355
5214.80276 0.65531
5212.87421 0.66419
5210.94566 0.6692
5209.01711 0.66923
5207.08855 0.67062
5205.16 0.67391
5203.23145 0.67437
5201.3029 0.66902
5199.37435 0.66597
5197.4458 0.6719
5195.51725 0.67796
5193.58869 0.67586
5191.66014 0.67286
5189.73159 0.6762
5187.80304 0.68115
5185.87449 0.68175
5183.94594 0.67968
5182.01739 0.67753
5180.08884 0.67211
5178.16028 0.6639
5176.23173 0.65924
5174.30318 0.66023
5172.37463 0.66472
5170.44608 0.67143
5168.51753 0.68131
5166.58898 0.69135
5164.66042 0.69504
5162.73187 0.69131
5160.80332 0.68442
5158.87477 0.67929
5156.94622 0.67786
5155.01767 0.67793
5153.08912 0.67836
5151.16057 0.68289
5149.23201 0.68784
5147.30346 0.68526
5145.37491 0.68104
5143.44636 0.68021
5141.51781 0.678
5139.58926 0.67511
5137.66071 0.67827
5135.73216 0.68824
5133.8036 0.69406
5131.87505 0.68984
5129.9465 0.68343
5128.01795 0.68087
5126.0894 0.68076
5124.16085 0.68193
5122.2323 0.68377
5120.30374 0.6841
5118.37519 0.68468
5116.44664 0.68684
5114.51809 0.68717
5112.58954 0.68619
5110.66099 0.68418
5108.73244 0.67752
5106.80389 0.67163
5104.87533 0.67523
5102.94678 0.68077
5101.01823 0.67752
5099.08968 0.67118
5097.16113 0.66878
5095.23258 0.66584
5093.30403 0.65886
5091.37547 0.65346
5089.44692 0.65452
5087.51837 0.66122
5085.58982 0.6685
5083.66127 0.66978
5081.73272 0.66526
5079.80417 0.66067
5077.87562 0.65757
5075.94706 0.65497
5074.01851 0.65682
5072.08996 0.66344
5070.16141 0.66666
5068.23286 0.66641
5066.30431 0.6682
5064.37576 0.66767
5062.44721 0.66035
5060.51865 0.65044
5058.5901 0.64392
5056.66155 0.64502
5054.733 0.65154
5052.80445 0.65473
5050.8759 0.65217
5048.94735 0.64827
5047.01879 0.64357
5045.09024 0.63739
5043.16169 0.63503
5041.23314 0.63685
5039.30459 0.63395
5037.37604 0.62792
5035.44749 0.62752
5033.51894 0.63092
5031.59038 0.63331
5029.66183 0.63369
5027.73328 0.62843
5025.80473 0.61575
5023.87618 0.60654
5021.94763 0.60957
5020.01908 0.61718
5018.09052 0.61881
5016.16197 0.61308
5014.23342 0.60747
5012.30487 0.6053
5010.37632 0.601
5008.44777 0.59592
5006.51922 0.59467
5004.59067 0.59409
5002.66211 0.59131
5000.73356 0.58719
4998.80501 0.58239
4996.87646 0.57969
4994.94791 0.58084
4993.01936 0.58186
4991.09081 0.57932
4989.16226 0.57347
4987.2337 0.56559
4985.30515 0.55832
4983.3766 0.5522
4981.44805 0.54569
4979.5195 0.54089
4977.59095 0.5404
4975.6624 0.54361
4973.73384 0.54878
4971.80529 0.55226
4969.87674 0.54881
4967.94819 0.53558
4966.01964 0.51739
4964.09109 0.50644
4962.16254 0.50686
4960.23399 0.50954
4958.30543 0.50736
4956.37688 0.49957
4954.44833 0.48793
4952.51978 0.4792
4950.59123 0.47758
4948.66268 0.47819
4946.73413 0.47552
4944.80557 0.47146
4942.87702 0.46767
4940.94847 0.46026
4939.01992 0.45107
4937.09137 0.44826
4935.16282 0.4516
4933.23427 0.45181
4931.30572 0.44544
4929.37716 0.43653
4927.44861 0.42771
4925.52006 0.42089
4923.59151 0.41674
4921.66296 0.41143
4919.73441 0.40303
4917.80586 0.3955
4915.87731 0.39073
4913.94875 0.38555
4912.0202 0.38049
4910.09165 0.37941
4908.1631 0.38093
4906.23455 0.37834
4904.306 0.36844
4902.37745 0.35782
4900.44889 0.35202
4898.52034 0.34871
4896.59179 0.34397
4894.66324 0.33834
4892.73469 0.3337
4890.80614 0.32835
4888.87759 0.32084
4886.94904 0.31164
4885.02048 0.30094
4883.09193 0.29062
4881.16338 0.28263
4879.23483 0.27859
4877.30628 0.27764
4875.37773 0.27588
4873.44918 0.27237
4871.52062 0.26711
4869.59207 0.25906
4867.66352 0.2496
4865.73497 0.24181
4863.80642 0.23609
4861.87787 0.23037
4859.94932 0.22453
4858.02077 0.22011
4856.09221 0.21973
4854.16366 0.22281
4852.23511 0.22353
4850.30656 0.21567
4848.37801 0.2008
4846.44946 0.18789
4844.52091 0.18218
4842.59236 0.18323
4840.6638 0.18586
4838.73525 0.18135
4836.8067 0.17016
4834.87815 0.16206
4832.9496 0.15915
4831.02105 0.15622
4829.0925 0.15411
4827.16394 0.15407
4825.23539 0.15168
4823.30684 0.14734
4821.37829 0.14325
4819.44974 0.13993
4817.52119 0.14043
4815.59264 0.14486
4813.66409 0.14707
4811.73553 0.14269
4809.80698 0.13396
4807.87843 0.12762
4805.94988 0.12599
4804.02133 0.12396
4802.09278 0.11968
4800.16423 0.11776
4798.23567 0.11981
4796.30712 0.12571
4794.37857 0.131
4792.45002 0.12932
4790.52147 0.12296
4788.59292 0.11897
4786.66437 0.11854
4784.73582 0.12084
4782.80726 0.12709
4780.87871 0.13384
4778.95016 0.13457
4777.02161 0.13245
4775.09306 0.13791
4773.16451 0.14723
4771.23596 0.14798
4769.30741 0.14095
4767.37885 0.13838
4765.4503 0.14381
4763.52175 0.15036
4761.5932 0.15429
4759.66465 0.15669
4757.7361 0.15884
4755.80755 0.16204
4753.87899 0.16619
4751.95044 0.17031
4750.02189 0.17251
4748.09334 0.17405
4746.16479 0.17859
4744.23624 0.18338
4742.30769 0.18635
4740.37914 0.18951
4738.45058 0.19264
4736.52203 0.19664
4734.59348 0.20339
4732.66493 0.21025
4730.73638 0.21572
4728.80783 0.22135
4726.87928 0.2272
4724.95072 0.23476
4723.02217 0.24413
4721.09362 0.25254
4719.16507 0.25801
4717.23652 0.26014
4715.30797 0.26331
4713.37942 0.26894
4711.45087 0.27294
4709.52231 0.27522
4707.59376 0.27784
4705.66521 0.28147
4703.73666 0.28793
4701.80811 0.29795
4699.87956 0.30789
4697.95101 0.31375
4696.02246 0.31534
4694.0939 0.31818
4692.16535 0.32541
4690.2368 0.33082
4688.30825 0.3351
4686.3797 0.34365
4684.45115 0.35289
4682.5226 0.36008
4680.59404 0.36769
4678.66549 0.37609
4676.73694 0.38369
4674.80839 0.38916
4672.87984 0.39324
4670.95129 0.39892
4669.02274 0.40531
4667.09419 0.41031
4665.16563 0.41569
4663.23708 0.42153
4661.30853 0.42716
4659.37998 0.43338
4657.45143 0.44002
4655.52288 0.44557
4653.59433 0.44898
4651.66577 0.45248
4649.73722 0.45547
4647.80867 0.45684
4645.88012 0.46174
4643.95157 0.47177
4642.02302 0.48178
4640.09447 0.48854
4638.16592 0.49249
4636.23736 0.49378
4634.30881 0.49415
4632.38026 0.49754
4630.45171 0.50602
4628.52316 0.51668
4626.59461 0.52188
4624.66606 0.52145
4622.73751 0.52404
4620.80895 0.52961
4618.8804 0.53153
4616.95185 0.53188
4615.0233 0.53834
4613.09475 0.5485
4611.1662 0.55316
4609.23765 0.55433
4607.30909 0.55645
4605.38054 0.55718
4603.45199 0.55834
4601.52344 0.56256
4599.59489 0.56706
4597.66634 0.56928
4595.73779 0.5716
4593.80924 0.5769
4591.88068 0.58194
4589.95213 0.58506
4588.02358 0.58898
4586.09503 0.59186
4584.16648 0.59111
4582.23793 0.58951
4580.30938 0.59007
4578.38082 0.59244
4576.45227 0.59746
4574.52372 0.60653
4572.59517 0.61579
4570.66662 0.61941
4568.73807 0.61677
4566.80952 0.61252
4564.88097 0.61306
4562.95241 0.62154
4561.02386 0.6336
4559.09531 0.64124
4557.16676 0.6386
4555.23821 0.62982
4553.30966 0.62716
4551.38111 0.63338
4549.45256 0.6416
4547.524 0.64841
4545.59545 0.65216
4543.6669 0.65124
4541.73835 0.6476
4539.8098 0.64545
4537.88125 0.64852
4535.9527 0.65525
4534.02414 0.66098
4532.09559 0.66516
4530.16704 0.66688
4528.23849 0.66417
4526.30994 0.65954
4524.38139 0.65814
4522.45284 0.66253
4520.52429 0.66773
4518.59573 0.6699
4516.66718 0.67239
4514.73863 0.67496
4512.81008 0.67445
4510.88153 0.67152
4508.95298 0.67054
4507.02443 0.67406
4505.09587 0.67794
4503.16732 0.67922
4501.23877 0.68043
4499.31022 0.68132
4497.38167 0.68075
4495.45312 0.6824
4493.52457 0.68491
4491.59602 0.68355
4489.66746 0.68138
4487.73891 0.68111
4485.81036 0.68062
4483.88181 0.68021
4481.95326 0.68186
4480.02471 0.68292
4478.09616 0.68256
4476.16761 0.68424
4474.23905 0.68508
4472.3105 0.68385
4470.38195 0.68685
4468.4534 0.69423
4466.52485 0.69787
4464.5963 0.69461
4462.66775 0.69119
4460.73919 0.69102
4458.81064 0.69321
4456.88209 0.69813
4454.95354 0.70271
4453.02499 0.70507
4451.09644 0.70323
4449.16789 0.69638
4447.23934 0.69321
4445.31078 0.69647
4443.38223 0.69681
4441.45368 0.69244
4439.52513 0.69066
4437.59658 0.69327
4435.66803 0.69708
4433.73948 0.70031
4431.81092 0.70115
4429.88237 0.69943
4427.95382 0.69856
4426.02527 0.70156
4424.09672 0.70595
4422.16817 0.70678
4420.23962 0.70512
4418.31107 0.70422
4416.38251 0.70328
4414.45396 0.69941
4412.52541 0.69257
4410.59686 0.68851
4408.66831 0.68958
4406.73976 0.69255
4404.81121 0.69378
4402.88266 0.69148
4400.9541 0.68885
4399.02555 0.68916
4397.097 0.69273
4395.16845 0.69644
4393.2399 0.69764
4391.31135 0.6989
4389.3828 0.69961
4387.45424 0.69769
4385.52569 0.69377
4383.59714 0.68918
4381.66859 0.68558
4379.74004 0.68292
4377.81149 0.68376
4375.88294 0.68727
4373.95439 0.68731
4372.02583 0.68325
4370.09728 0.67791
4368.16873 0.67681
4366.24018 0.68141
4364.31163 0.68363
4362.38308 0.68085
4360.45453 0.67864
4358.52597 0.67872
4356.59742 0.6771
4354.66887 0.67261
4352.74032 0.67013
4350.81177 0.67028
4348.88322 0.66986
4346.95467 0.67025
4345.02612 0.6711
4343.09756 0.66862
4341.16901 0.66514
4339.24046 0.66402
4337.31191 0.6622
4335.38336 0.65802
4333.45481 0.65502
4331.52626 0.65509
4329.59771 0.65486
4327.66915 0.65184
4325.7406 0.6469
4323.81205 0.64186
4321.8835 0.6399
4319.95495 0.6416
4318.0264 0.64109
4316.09785 0.6367
4314.16929 0.63469
4312.24074 0.63559
4310.31219 0.63568
4308.38364 0.63609
4306.45509 0.63638
4304.52654 0.63416
4302.59799 0.6299
4300.66944 0.62502
4298.74088 0.62039
4296.81233 0.61749
4294.88378 0.61721
4292.95523 0.61638
4291.02668 0.61372
4289.09813 0.61113
4287.16958 0.60772
4285.24102 0.60296
4283.31247 0.59794
4281.38392 0.59537
4279.45537 0.59497
4277.52682 0.59049
4275.59827 0.58268
4273.66972 0.57887
4271.74117 0.58015
4269.81261 0.58202
4267.88406 0.58109
4265.95551 0.57861
4264.02696 0.57754
4262.09841 0.57706
4260.16986 0.57349
4258.24131 0.56646
4256.31275 0.56066
4254.3842 0.55789
4252.45565 0.55396
4250.5271 0.54731
4248.59855 0.54204
4246.67 0.5382
4244.74145 0.53325
4242.8129 0.52884
4240.88434 0.52572
4238.95579 0.52303
4237.02724 0.52002
4235.09869 0.51511
4233.17014 0.50983
4231.24159 0.50623
4229.31304 0.50126
4227.38449 0.49352
4225.45593 0.48692
4223.52738 0.48263
4221.59883 0.47969
4219.67028 0.47907
4217.74173 0.47941
4215.81318 0.4773
4213.88463 0.47117
4211.95607 0.46336
4210.02752 0.45739
4208.09897 0.45135
4206.17042 0.44477
4204.24187 0.44157
4202.31332 0.43848
4200.38477 0.43123
4198.45622 0.42301
4196.52766 0.41679
4194.59911 0.41266
4192.67056 0.40985
4190.74201 0.40646
4188.81346 0.40114
4186.88491 0.39352
4184.95636 0.38515
4183.0278 0.37825
4181.09925 0.37291
4179.1707 0.3679
4177.24215 0.36152
4175.3136 0.35412
4173.38505 0.35058
4171.4565 0.35071
4169.52795 0.34576
4167.59939 0.33517
4165.67084 0.3268
4163.74229 0.32114
4161.81374 0.31402
4159.88519 0.30473
4157.95664 0.29507
4156.02809 0.28712
4154.09954 0.28144
4152.17098 0.27705
4150.24243 0.27414
4148.31388 0.27351
4146.38533 0.2737
4144.45678 0.27162
4142.52823 0.26562
4140.59968 0.25784
4138.67112 0.25061
4136.74257 0.24358
4134.81402 0.23644
4132.88547 0.23065
4130.95692 0.22492
4129.02837 0.21771
4127.09982 0.21261
4125.17127 0.20912
4123.24271 0.20205
4121.31416 0.19393
4119.38561 0.18864
4117.45706 0.18344
4115.52851 0.17833
4113.59996 0.17658
4111.67141 0.17418
4109.74285 0.16641
4107.8143 0.1573
4105.88575 0.15091
4103.9572 0.14679
4102.02865 0.14428
4100.1001 0.14079
4098.17155 0.13516
4096.243 0.13121
4094.31444 0.13116
4092.38589 0.13212
4090.45734 0.12968
4088.52879 0.12377
4086.60024 0.11837
4084.67169 0.11641
4082.74314 0.11602
4080.81459 0.11467
4078.88603 0.11063
4076.95748 0.10447
4075.02893 0.10009
4073.10038 0.09847
4071.17183 0.09805
4069.24328 0.09846
4067.31473 0.09915
4065.38617 0.09972
4063.45762 0.09931
4061.52907 0.09835
4059.60052 0.09839
4057.67197 0.0979
4055.74342 0.09617
4053.81487 0.0962
4051.88632 0.09904
4049.95776 0.10262
4048.02921 0.1072
4046.10066 0.11297
4044.17211 0.11649
4042.24356 0.11583
4040.31501 0.11387
4038.38646 0.11464
4036.4579 0.11887
4034.52935 0.12307
4032.6008 0.12456
4030.67225 0.12575
4028.7437 0.12847
4026.81515 0.13076
4024.8866 0.13334
4022.95805 0.13889
4021.02949 0.14564
4019.10094 0.15123
4017.17239 0.15423
4015.24384 0.15353
4013.31529 0.15473
4011.38674 0.16333
4009.45819 0.17271
4007.52964 0.17648
4005.60108 0.17815
4003.67253 0.18233
4001.74398 0.18733
3999.81543 0.18924
3997.88688 0.19077
3995.95833 0.19659
3994.02978 0.20422
3992.10122 0.20879
3990.17267 0.2113
3988.24412 0.21675
3986.31557 0.22587
3984.38702 0.23547
3982.45847 0.24273
3980.52992 0.24707
3978.60137 0.25142
3976.67281 0.25796
3974.74426 0.26517
3972.81571 0.27242
3970.88716 0.28137
3968.95861 0.2907
3967.03006 0.29658
3965.10151 0.29819
3963.17295 0.29932
3961.2444 0.30508
3959.31585 0.31454
3957.3873 0.3208
3955.45875 0.32262
3953.5302 0.32726
3951.60165 0.33602
3949.6731 0.34183
3947.74454 0.34687
3945.81599 0.35545
3943.88744 0.36178
3941.95889 0.36516
3940.03034 0.36959
3938.10179 0.37412
3936.17324 0.38014
3934.24469 0.38873
3932.31613 0.39529
3930.38758 0.39779
3928.45903 0.4002
3926.53048 0.4063
3924.60193 0.41549
3922.67338 0.42407
3920.74483 0.42997
3918.81627 0.43328
3916.88772 0.43609
3914.95917 0.44246
3913.03062 0.45058
3911.10207 0.45482
3909.17352 0.45497
3907.24497 0.45569
3905.31642 0.46162
3903.38786 0.47143
3901.45931 0.47971
3899.53076 0.48474
3897.60221 0.48933
3895.67366 0.49658
3893.74511 0.50379
3891.81656 0.50474
3889.888 0.50219
3887.95945 0.50611
3886.0309 0.51638
3884.10235 0.52322
3882.1738 0.525
3880.24525 0.52812
3878.3167 0.53298
3876.38815 0.53559
3874.45959 0.53845
3872.53104 0.54456
3870.60249 0.54853
3868.67394 0.54766
3866.74539 0.54932
3864.81684 0.55702
3862.88829 0.56373
3860.95974 0.56515
3859.03118 0.56525
3857.10263 0.56778
3855.17408 0.57271
3853.24553 0.57664
3851.31698 0.57707
3849.38843 0.57732
3847.45988 0.58007
3845.53132 0.58446
3843.60277 0.59076
3841.67422 0.5964
3839.74567 0.5972
3837.81712 0.59609
3835.88857 0.59727
3833.96002 0.59851
3832.03147 0.59858
3830.10291 0.60253
3828.17436 0.61191
3826.24581 0.61967
3824.31726 0.62068
3822.38871 0.61778
3820.46016 0.61695
3818.53161 0.61981
3816.60305 0.62157
3814.6745 0.62053
3812.74595 0.62242
3810.8174 0.62906
3808.88885 0.63441
3806.9603 0.63601
3805.03175 0.63834
3803.1032 0.64362
3801.17464 0.648
3799.24609 0.64745
3797.31754 0.64455
3795.38899 0.64382
3793.46044 0.64511
3791.53189 0.64784
3789.60334 0.65345
3787.67479 0.66006
3785.74623 0.66368
3783.81768 0.66403
3781.88913 0.66321
3779.96058 0.66239
3778.03203 0.66192
3776.10348 0.66122
3774.17493 0.66133
3772.24637 0.66473
3770.31782 0.6687
3768.38927 0.66907
3766.46072 0.66777
3764.53217 0.6677
3762.60362 0.66964
3760.67507 0.67393
3758.74652 0.67764
3756.81796 0.67758
3754.88941 0.67643
3752.96086 0.67704
3751.03231 0.67747
3749.10376 0.67766
3747.17521 0.67923
3745.24666 0.68173
3743.3181 0.6841
3741.38955 0.68482
3739.461 0.68433
3737.53245 0.68427
3735.6039 0.68404
3733.67535 0.68383
3731.7468 0.68556
3729.81825 0.68763
3727.88969 0.68672
3725.96114 0.68495
3724.03259 0.68439
3722.10404 0.68381
3720.17549 0.68465
3718.24694 0.68749
3716.31839 0.68903
3714.38984 0.69039
3712.46128 0.69634
3710.53273 0.70303
3708.60418 0.70416
3706.67563 0.70152
3704.74708 0.69732
3702.81853 0.69327
3700.88998 0.69225
3698.96142 0.69384
3697.03287 0.69587
3695.10432 0.69733
3693.17577 0.69748
3691.24722 0.69676
3689.31867 0.69582
3687.39012 0.69262
3685.46157 0.68897
3683.53301 0.69015
3681.60446 0.69588
3679.67591 0.702
3677.74736 0.70336
3675.81881 0.69865
3673.89026 0.69466
3671.96171 0.69479
3670.03315 0.69566
3668.1046 0.69681
3666.17605 0.69873
3664.2475 0.69858
3662.31895 0.69668
3660.3904 0.69529
3658.46185 0.69519
3656.5333 0.69713
3654.60474 0.69761
3652.67619 0.69264
3650.74764 0.68626
3648.81909 0.68455
3646.89054 0.68798
3644.96199 0.69118
3643.03344 0.68961
3641.10489 0.68684
3639.17633 0.68753
3637.24778 0.68912
3635.31923 0.68824
3633.39068 0.68551
3631.46213 0.68381
3629.53358 0.68655
3627.60503 0.69072
3625.67647 0.689
3623.74792 0.68184
3621.81937 0.67624
3619.89082 0.67627
3617.96227 0.67851
3616.03372 0.67732
3614.10517 0.67426
3612.17662 0.67435
3610.24806 0.67568
3608.31951 0.67387
3606.39096 0.67301
3604.46241 0.67678
3602.53386 0.68025
3600.60531 0.68223
3598.67676 0.68418
3596.7482 0.68209
3594.81965 0.67472
3592.8911 0.66626
3590.96255 0.66111
3589.034 0.66039
3587.10545 0.6611
3585.1769 0.66195
3583.24835 0.66248
3581.31979 0.65956
3579.39124 0.65381
3577.46269 0.64932
3575.53414 0.64722
3573.60559 0.6466
3571.67704 0.64736
3569.74849 0.64833
3567.81994 0.6472
3565.89138 0.64682
3563.96283 0.64908
3562.03428 0.64856
3560.10573 0.64338
3558.17718 0.63893
3556.24863 0.63863
3554.32008 0.63907
3552.39152 0.63595
3550.46297 0.63111
3548.53442 0.62928
3546.60587 0.6296
3544.67732 0.62626
3542.74877 0.61931
3540.82022 0.61546
3538.89167 0.61713
3536.96311 0.61846
3535.03456 0.61515
3533.10601 0.60954
3531.17746 0.60333
3529.24891 0.59799
3527.32036 0.59516
3525.39181 0.59346
3523.46325 0.59185
3521.5347 0.59099
3519.60615 0.58966
3517.6776 0.58555
3515.74905 0.58073
3513.8205 0.57699
3511.89195 0.5724
3509.9634 0.56889
3508.03484 0.56933
3506.10629 0.57186
3504.17774 0.57277
3502.24919 0.57054
3500.32064 0.5656
3498.39209 0.56066
3496.46354 0.55935
3494.53499 0.55783
3492.60643 0.5517
3490.67788 0.54484
3488.74933 0.54062
3486.82078 0.53904
3484.89223 0.5383
3482.96368 0.53437
3481.03513 0.52782
3479.10657 0.52379
3477.17802 0.5209
3475.24947 0.51339
3473.32092 0.50365
3471.39237 0.49903
3469.46382 0.49965
3467.53527 0.49975
3465.60672 0.49769
3463.67816 0.49383
3461.74961 0.4871
3459.82106 0.47964
3457.89251 0.4731
3455.96396 0.46588
3454.03541 0.45881
3452.10686 0.45429
3450.1783 0.45315
3448.24975 0.45317
3446.3212 0.44872
3444.39265 0.4405
3442.4641 0.43597
3440.53555 0.43548
3438.607 0.43478
3436.67845 0.43223
3434.74989 0.42644
3432.82134 0.41794
3430.89279 0.40918
3428.96424 0.40188
3427.03569 0.3962
3425.10714 0.39079
3423.17859 0.38449
3421.25004 0.37793
3419.32148 0.37193
3417.39293 0.36497
3415.46438 0.35676
3413.53583 0.35077
3411.60728 0.34832
3409.67873 0.34653
3407.75018 0.344
3405.82162 0.34016
3403.89307 0.33177
3401.96452 0.32061
3400.03597 0.31364
3398.10742 0.31095
3396.17887 0.30698
3394.25032 0.30045
3392.32177 0.29439
3390.39321 0.29071
3388.46466 0.28659
3386.53611 0.27952
3384.60756 0.27126
3382.67901 0.26378
3380.75046 0.25832
3378.82191 0.25361
3376.89335 0.24671
3374.9648 0.23847
3373.03625 0.2305
3371.1077 0.22401
3369.17915 0.2192
3367.2506 0.21317
3365.32205 0.2062
3363.3935 0.20239
3361.46494 0.20197
3359.53639 0.2005
3357.60784 0.19542
3355.67929 0.18843
3353.75074 0.1808
3351.82219 0.17313
3349.89364 0.16772
3347.96509 0.16441
3346.03653 0.16028
3344.10798 0.1553
3342.17943 0.1505
3340.25088 0.146
3338.32233 0.14109
3336.39378 0.13366
3334.46523 0.12692
3332.53667 0.12536
3330.60812 0.12359
3328.67957 0.11669
3326.75102 0.1106
3324.82247 0.11009
3322.89392 0.11025
3320.96537 0.10667
3319.03682 0.10135
3317.10826 0.09667
3315.17971 0.09309
3313.25116 0.09087
3311.32261 0.08727
3309.39406 0.08131
3307.46551 0.07864
3305.53696 0.08054
3303.6084 0.08137
3301.67985 0.07843
3299.7513 0.07526
3297.82275 0.07502
3295.8942 0.07654
3293.96565 0.07696
3292.0371 0.07594
3290.10855 0.07477
3288.17999 0.07449
3286.25144 0.07411
3284.32289 0.07307
3282.39434 0.07214
3280.46579 0.07076
3278.53724 0.06967
3276.60869 0.07027
3274.68014 0.07253
3272.75158 0.07758
3270.82303 0.08513
3268.89448 0.09164
3266.96593 0.09511
3265.03738 0.09476
3263.10883 0.09232
3261.18028 0.09349
3259.25172 0.09881
3257.32317 0.10358
3255.39462 0.10481
3253.46607 0.10458
3251.53752 0.1072
3249.60897 0.11368
3247.68042 0.12049
3245.75187 0.1256
3243.82331 0.13021
3241.89476 0.13346
3239.96621 0.13456
3238.03766 0.13743
3236.10911 0.14456
3234.18056 0.15229
3232.25201 0.15688
3230.32345 0.15988
3228.3949 0.16433
3226.46635 0.1693
3224.5378 0.17354
3222.60925 0.17727
3220.6807 0.18223
3218.75215 0.19211
3216.8236 0.20465
3214.89504 0.21161
3212.96649 0.21269
3211.03794 0.21526
3209.10939 0.22137
3207.18084 0.22767
3205.25229 0.23329
3203.32374 0.23941
3201.39518 0.24482
3199.46663 0.24816
3197.53808 0.25174
3195.60953 0.25789
3193.68098 0.26586
3191.75243 0.2734
3189.82388 0.2797
3187.89533 0.28697
3185.96677 0.29579
3184.03822 0.30286
3182.10967 0.30692
3180.18112 0.30995
3178.25257 0.31411
3176.32402 0.32072
3174.39547 0.32808
3172.46692 0.33387
3170.53836 0.33975
3168.60981 0.34727
3166.68126 0.35477
3164.75271 0.36084
3162.82416 0.36456
3160.89561 0.3678
3158.96706 0.37507
3157.0385 0.3836
3155.10995 0.38799
3153.1814 0.39153
3151.25285 0.39727
3149.3243 0.40265
3147.39575 0.40769
3145.4672 0.41383
3143.53865 0.41998
3141.61009 0.42671
3139.68154 0.43458
3137.75299 0.44081
3135.82444 0.44549
3133.89589 0.45067
3131.96734 0.45357
3130.03879 0.45485
3128.11023 0.45967
3126.18168 0.46589
3124.25313 0.46933
3122.32458 0.47143
3120.39603 0.47485
3118.46748 0.4815
3116.53893 0.49023
3114.61038 0.49723
3112.68182 0.50187
3110.75327 0.50521
3108.82472 0.50711
3106.89617 0.50976
3104.96762 0.51467
3103.03907 0.51844
3101.11052 0.51937
3099.18197 0.51964
3097.25341 0.52155
3095.32486 0.52786
3093.39631 0.53642
3091.46776 0.53971
3089.53921 0.53879
3087.61066 0.54276
3085.68211 0.55197
3083.75355 0.5595
3081.825 0.56403
3079.89645 0.56773
3077.9679 0.57066
3076.03935 0.57262
3074.1108 0.57329
3072.18225 0.57323
3070.2537 0.57595
3068.32514 0.58184
3066.39659 0.58655
3064.46804 0.58917
3062.53949 0.59115
3060.61094 0.59326
3058.68239 0.59618
3056.75384 0.59917
3054.82528 0.60083
3052.89673 0.601
3050.96818 0.60221
3049.03963 0.60678
3047.11108 0.61168
3045.18253 0.61302
3043.25398 0.61162
3041.32543 0.61105
3039.39687 0.61368
3037.46832 0.61988
3035.53977 0.62739
3033.61122 0.6316
3031.68267 0.63217
3029.75412 0.63296
3027.82557 0.63389
3025.89702 0.63373
3023.96846 0.63241
3022.03991 0.63084
3020.11136 0.6335
3018.18281 0.63913
3016.25426 0.64026
3014.32571 0.63843
3012.39716 0.63988
3010.4686 0.64425
3008.54005 0.6476
3006.6115 0.64792
3004.68295 0.64728
3002.7544 0.64981
3000.82585 0.65617
2998.8973 0.66197
2996.96875 0.66387
2995.04019 0.66252
2993.11164 0.65943
2991.18309 0.65709
2989.25454 0.65805
2987.32599 0.66137
2985.39744 0.66393
2983.46889 0.66547
2981.54033 0.66707
2979.61178 0.66879
2977.68323 0.67212
2975.75468 0.67684
2973.82613 0.67958
2971.89758 0.67924
2969.96903 0.67811
2968.04048 0.67978
2966.11192 0.68271
2964.18337 0.68095
2962.25482 0.6771
2960.32627 0.67777
2958.39772 0.68235
2956.46917 0.68728
2954.54062 0.68888
2952.61207 0.68716
2950.68351 0.68722
2948.75496 0.68783
2946.82641 0.68501
2944.89786 0.68407
2942.96931 0.68904
2941.04076 0.69366
2939.11221 0.69453
2937.18365 0.69453
2935.2551 0.69253
2933.32655 0.6893
2931.398 0.69036
2929.46945 0.69485
2927.5409 0.69803
2925.61235 0.69806
2923.6838 0.69549
2921.75524 0.69289
2919.82669 0.69181
2917.89814 0.69093
2915.96959 0.68972
2914.04104 0.69134
2912.11249 0.69525
2910.18394 0.69599
2908.25538 0.6951
2906.32683 0.69651
2904.39828 0.69871
2902.46973 0.6998
2900.54118 0.69781
2898.61263 0.69363
2896.68408 0.69258
2894.75553 0.6957
2892.82697 0.69841
2890.89842 0.69864
2888.96987 0.69866
2887.04132 0.69753
2885.11277 0.69374
2883.18422 0.69262
2881.25567 0.69643
2879.32712 0.69979
2877.39856 0.69934
2875.47001 0.69541
2873.54146 0.69134
2871.61291 0.69193
2869.68436 0.69456
2867.75581 0.69275
2865.82726 0.68903
2863.8987 0.68811
2861.97015 0.68811
2860.0416 0.689
2858.11305 0.69147
2856.1845 0.69167
2854.25595 0.69083
2852.3274 0.69223
2850.39885 0.69262
2848.47029 0.69059
2846.54174 0.68785
2844.61319 0.68399
2842.68464 0.68023
2840.75609 0.68011
2838.82754 0.68322
2836.89899 0.68479
2834.97043 0.68403
2833.04188 0.68574
2831.11333 0.6902
2829.18478 0.69032
2827.25623 0.68469
2825.32768 0.68128
2823.39913 0.68172
2821.47058 0.68067
2819.54202 0.67834
2817.61347 0.67777
2815.68492 0.67701
2813.75637 0.67486
2811.82782 0.67628
2809.89927 0.68075
2807.97072 0.68022
2806.04217 0.67434
2804.11361 0.66947
2802.18506 0.66765
2800.25651 0.66733
2798.32796 0.66797
2796.39941 0.66784
2794.47086 0.66334
2792.54231 0.65667
2790.61375 0.65362
2788.6852 0.65369
2786.75665 0.65322
2784.8281 0.65171
2782.89955 0.65016
2780.971 0.65058
2779.04245 0.65385
2777.1139 0.65616
2775.18534 0.65442
2773.25679 0.64958
2771.32824 0.64368
2769.39969 0.63982
2767.47114 0.63815
2765.54259 0.63478
2763.61404 0.63078
2761.68548 0.63084
2759.75693 0.63212
2757.82838 0.62961
2755.89983 0.62636
2753.97128 0.62617
2752.04273 0.62541
2750.11418 0.62189
2748.18563 0.61954
2746.25707 0.61814
2744.32852 0.6146
2742.39997 0.61034
2740.47142 0.60739
2738.54287 0.60642
2736.61432 0.60704
2734.68577 0.60677
2732.75722 0.60309
2730.82866 0.59734
2728.90011 0.59307
2726.97156 0.5899
2725.04301 0.58607
2723.11446 0.58194
2721.18591 0.5787
2719.25736 0.57803
2717.3288 0.57883
2715.40025 0.57778
2713.4717 0.57475
2711.54315 0.5708
2709.6146 0.56655
2707.68605 0.56439
2705.7575 0.56323
2703.82895 0.55807
2701.90039 0.55078
2699.97184 0.5492
2698.04329 0.5535
2696.11474 0.55474
2694.18619 0.54974
2692.25764 0.54237
2690.32909 0.53415
2688.40053 0.52739
2686.47198 0.52518
2684.54343 0.52491
2682.61488 0.5225
2680.68633 0.51793
2678.75778 0.51166
2676.82923 0.50313
2674.90068 0.49594
2672.97212 0.4937
2671.04357 0.4931
2669.11502 0.49022
2667.18647 0.48562
2665.25792 0.48018
2663.32937 0.4741
2661.40082 0.46972
2659.47227 0.46831
2657.54371 0.46632
2655.61516 0.46029
2653.68661 0.45215
2651.75806 0.4468
2649.82951 0.44422
2647.90096 0.43984
2645.97241 0.43229
2644.04385 0.42411
2642.1153 0.41867
2640.18675 0.41688
2638.2582 0.41391
2636.32965 0.40623
2634.4011 0.39888
2632.47255 0.39735
2630.544 0.39796
2628.61544 0.39378
2626.68689 0.38436
2624.75834 0.37444
2622.82979 0.36814
2620.90124 0.36466
2618.97269 0.36004
2617.04414 0.35403
2615.11558 0.34744
2613.18703 0.33952
2611.25848 0.33204
2609.32993 0.32626
2607.40138 0.32052
2605.47283 0.31447
2603.54428 0.3083
2601.61573 0.30184
2599.68717 0.2967
2597.75862 0.29278
2595.83007 0.28698
2593.90152 0.27939
2591.97297 0.27335
2590.04442 0.26956
2588.11587 0.26491
2586.18732 0.25756
2584.25876 0.25054
2582.33021 0.24578
2580.40166 0.24123
2578.47311 0.23716
2576.54456 0.23318
2574.61601 0.22592
2572.68746 0.21744
2570.7589 0.21037
2568.83035 0.20206
2566.9018 0.19353
2564.97325 0.18779
2563.0447 0.18375
2561.11615 0.18046
2559.1876 0.17654
2557.25905 0.17138
2555.33049 0.16649
2553.40194 0.1597
2551.47339 0.14874
2549.54484 0.13939
2547.61629 0.13509
2545.68774 0.13199
2543.75919 0.1288
2541.83063 0.12664
2539.90208 0.12318
2537.97353 0.11666
2536.04498 0.10843
2534.11643 0.10113
2532.18788 0.0966
2530.25933 0.09399
2528.33078 0.09141
2526.40222 0.08729
2524.47367 0.08077
2522.54512 0.07461
2520.61657 0.07336
2518.68802 0.07616
2516.75947 0.07709
2514.83092 0.07184
2512.90237 0.06406
2510.97381 0.06065
2509.04526 0.0597
2507.11671 0.05708
2505.18816 0.05538
2503.25961 0.05567
2501.33106 0.05414
2499.40251 0.05116
2497.47395 0.05211
2495.5454 0.05573
2493.61685 0.05545
2491.6883 0.05237
2489.75975 0.04999
2487.8312 0.04888
2485.90265 0.05165
2483.9741 0.05726
2482.04554 0.05895
2480.11699 0.05587
2478.18844 0.05381
2476.25989 0.05454
2474.33134 0.05431
2472.40279 0.05372
2470.47424 0.05503
2468.54568 0.05816
2466.61713 0.06229
2464.68858 0.06573
2462.76003 0.06896
2460.83148 0.07327
2458.90293 0.07661
2456.97438 0.07784
2455.04583 0.08042
2453.11727 0.08597
2451.18872 0.09178
2449.26017 0.09593
2447.33162 0.10075
2445.40307 0.10638
2443.47452 0.10974
2441.54597 0.11061
2439.61742 0.11211
2437.68886 0.11822
2435.76031 0.12855
2433.83176 0.13815
2431.90321 0.14483
2429.97466 0.15086
2428.04611 0.15629
2426.11756 0.15817
2424.189 0.15908
2422.26045 0.16461
2420.3319 0.17407
2418.40335 0.18199
2416.4748 0.18766
2414.54625 0.19378
2412.6177 0.19861
2410.68915 0.19969
2408.76059 0.20017
2406.83204 0.2062
2404.90349 0.21683
2402.97494 0.22501
2401.04639 0.23129
2399.11784 0.23968
2397.18929 0.24665
2395.26073 0.24967
2393.33218 0.25345
2391.40363 0.26196
2389.47508 0.27251
2387.54653 0.27996
2385.61798 0.28523
2383.68943 0.29102
2381.76088 0.29597
2379.83232 0.30025
2377.90377 0.3054
2375.97522 0.31206
2374.04667 0.32013
2372.11812 0.32816
2370.18957 0.33547
2368.26102 0.34193
2366.33247 0.34841
2364.40391 0.35562
2362.47536 0.3611
2360.54681 0.36317
2358.61826 0.36478
2356.68971 0.37017
2354.76116 0.37828
2352.83261 0.38452
2350.90405 0.38838
2348.9755 0.39281
2347.04695 0.39918
2345.1184 0.40606
2343.18985 0.41312
2341.2613 0.41976
2339.33275 0.42192
2337.4042 0.42111
2335.47564 0.42471
2333.54709 0.43319
2331.61854 0.44122
2329.68999 0.44667
2327.76144 0.45187
2325.83289 0.45888
2323.90434 0.46518
2321.97578 0.46858
2320.04723 0.47149
2318.11868 0.47558
2316.19013 0.47985
2314.26158 0.48433
2312.33303 0.48978
2310.40448 0.49543
2308.47593 0.49888
2306.54737 0.50004
2304.61882 0.503
2302.69027 0.50799
2300.76172 0.51186
2298.83317 0.51634
2296.90462 0.52188
2294.97607 0.52488
2293.04752 0.52771
2291.11896 0.53434
2289.19041 0.5407
2287.26186 0.54248
2285.33331 0.54327
2283.40476 0.54593
2281.47621 0.54894
2279.54766 0.55284
2277.6191 0.55873
2275.69055 0.56503
2273.762 0.56929
2271.83345 0.57088
2269.9049 0.57235
2267.97635 0.57516
2266.0478 0.57898
2264.11925 0.58304
2262.19069 0.58653
2260.26214 0.59016
2258.33359 0.5926
2256.40504 0.59234
2254.47649 0.59227
2252.54794 0.59521
2250.61939 0.601
2248.69083 0.60643
2246.76228 0.60816
2244.83373 0.60812
2242.90518 0.60995
2240.97663 0.61362
2239.04808 0.61772
2237.11953 0.62056
2235.19098 0.62191
2233.26242 0.62358
2231.33387 0.62503
2229.40532 0.62653
2227.47677 0.6301
2225.54822 0.63491
2223.61967 0.63763
2221.69112 0.6359
2219.76257 0.6337
2217.83401 0.63586
2215.90546 0.64019
2213.97691 0.64418
2212.04836 0.6495
2210.11981 0.65519
2208.19126 0.65699
2206.26271 0.65649
2204.33415 0.65705
2202.4056 0.6557
2200.47705 0.65265
2198.5485 0.65244
2196.61995 0.65391
2194.6914 0.65501
2192.76285 0.65792
2190.8343 0.66084
2188.90574 0.66172
2186.97719 0.66322
2185.04864 0.66462
2183.12009 0.66564
2181.19154 0.6681
2179.26299 0.67047
2177.33444 0.67283
2175.40588 0.67515
2173.47733 0.67459
2171.54878 0.67192
2169.62023 0.67103
2167.69168 0.67297
2165.76313 0.67646
2163.83458 0.68054
2161.90603 0.68302
2159.97747 0.68265
2158.04892 0.68081
2156.12037 0.67971
2154.19182 0.6814
2152.26327 0.685
2150.33472 0.68801
2148.40617 0.68888
2146.47761 0.68762
2144.54906 0.68785
2142.62051 0.69096
2140.69196 0.69297
2138.76341 0.69229
2136.83486 0.69145
2134.90631 0.69229
2132.97776 0.69309
2131.0492 0.69293
2129.12065 0.69332
2127.1921 0.69307
2125.26355 0.6924
2123.335 0.69372
2121.40645 0.69493
2119.4779 0.69476
2117.54935 0.69669
2115.62079 0.7024
2113.69224 0.70792
2111.76369 0.70862
2109.83514 0.70569
2107.90659 0.70306
2105.97804 0.70276
2104.04949 0.7034
2102.12093 0.70229
2100.19238 0.70087
2098.26383 0.70145
2096.33528 0.70297
2094.40673 0.70338
2092.47818 0.70144
2090.54963 0.7011
2088.62108 0.7064
2086.69252 0.71028
2084.76397 0.70706
2082.83542 0.70339
2080.90687 0.70272
2078.97832 0.70287
2077.04977 0.70596
2075.12122 0.71115
2073.19266 0.71297
2071.26411 0.71112
2069.33556 0.7089
2067.40701 0.70794
2065.47846 0.70838
2063.54991 0.70797
2061.62136 0.70508
2059.69281 0.70226
2057.76425 0.70006
2055.8357 0.6971
2053.90715 0.69665
2051.9786 0.70001
2050.05005 0.70262
2048.1215 0.70351
2046.19295 0.70543
2044.2644 0.7062
2042.33584 0.70173
2040.40729 0.6956
2038.47874 0.69345
2036.55019 0.69273
2034.62164 0.68982
2032.69309 0.68837
2030.76454 0.69145
2028.83598 0.69565
2026.90743 0.69754
2024.97888 0.69693
2023.05033 0.69427
2021.12178 0.6904
2019.19323 0.68813
2017.26468 0.69056
2015.33613 0.69367
2013.40757 0.68946
2011.47902 0.68154
2009.55047 0.67983
2007.62192 0.68266
2005.69337 0.68278
2003.76482 0.68118
2001.83627 0.68303
1999.90771 0.68839
1997.97916 0.69102
1996.05061 0.68794
1994.12206 0.68254
1992.19351 0.67804
1990.26496 0.67636
1988.33641 0.67662
1986.40786 0.67462
1984.4793 0.67028
1982.55075 0.66878
1980.6222 0.6712
1978.69365 0.67326
1976.7651 0.67273
1974.83655 0.66964
1972.908 0.66569
1970.97945 0.66316
1969.05089 0.66166
1967.12234 0.66102
1965.19379 0.66003
1963.26524 0.65834
1961.33669 0.65827
1959.40814 0.6567
1957.47959 0.6521
1955.55103 0.64974
1953.62248 0.6504
1951.69393 0.65123
1949.76538 0.65126
1947.83683 0.64968
1945.90828 0.64782
1943.97973 0.64747
1942.05118 0.6457
1940.12262 0.64093
1938.19407 0.63695
1936.26552 0.63495
1934.33697 0.63373
1932.40842 0.63159
1930.47987 0.62602
1928.55132 0.61996
1926.62276 0.61839
1924.69421 0.62045
1922.76566 0.62156
1920.83711 0.61942
1918.90856 0.61587
1916.98001 0.61301
1915.05146 0.61159
1913.12291 0.61012
1911.19435 0.60594
1909.2658 0.60057
1907.33725 0.5975
1905.4087 0.59631
1903.48015 0.59478
1901.5516 0.59267
1899.62305 0.58919
1897.6945 0.58391
1895.76594 0.57974
1893.83739 0.57661
1891.90884 0.5718
1889.98029 0.568
1888.05174 0.56776
1886.12319 0.56687
1884.19464 0.56212
1882.26608 0.5553
1880.33753 0.54896
1878.40898 0.54543
1876.48043 0.54436
1874.55188 0.54135
1872.62333 0.53436
1870.69478 0.52705
1868.76623 0.52453
1866.83767 0.52752
1864.90912 0.5298
1862.98057 0.52482
1861.05202 0.51581
1859.12347 0.50905
1857.19492 0.50271
1855.26637 0.49724
1853.33781 0.49762
1851.40926 0.49852
1849.48071 0.49248
1847.55216 0.48438
1845.62361 0.48061
1843.69506 0.47923
1841.76651 0.47671
1839.83796 0.47342
1837.9094 0.46936
1835.98085 0.46281
1834.0523 0.45509
1832.12375 0.44849
1830.1952 0.44318
1828.26665 0.43922
1826.3381 0.43579
1824.40955 0.4312
1822.48099 0.42551
1820.55244 0.42073
1818.62389 0.41667
1816.69534 0.40853
1814.76679 0.39601
1812.83824 0.38678
1810.90969 0.38448
1808.98113 0.38417
1807.05258 0.38105
1805.12403 0.37533
1803.19548 0.36815
1801.26693 0.36103
1799.33838 0.356
1797.40983 0.35158
1795.48128 0.34497
1793.55272 0.33739
1791.62417 0.33264
1789.69562 0.33006
1787.76707 0.32491
1785.83852 0.31613
1783.90997 0.30756
1781.98142 0.30149
1780.05286 0.29648
1778.12431 0.29146
1776.19576 0.28571
1774.26721 0.27833
1772.33866 0.27034
1770.41011 0.2619
1768.48156 0.25335
1766.55301 0.24761
1764.62445 0.24498
1762.6959 0.24131
1760.76735 0.23368
1758.8388 0.22543
1756.91025 0.21879
1754.9817 0.21139
1753.05315 0.20255
1751.1246 0.19282
1749.19604 0.18351
1747.26749 0.17757
1745.33894 0.17472
1743.41039 0.16945
1741.48184 0.15824
1739.55329 0.14612
1737.62474 0.13917
1735.69618 0.13746
1733.76763 0.13758
1731.83908 0.1363
1729.91053 0.12999
1727.98198 0.11974
1726.05343 0.11136
1724.12488 0.1054
1722.19633 0.09956
1720.26777 0.09493
1718.33922 0.09125
1716.41067 0.08864
1714.48212 0.08746
1712.55357 0.08386
1710.62502 0.07614
1708.69647 0.07007
1706.76791 0.06939
1704.83936 0.0673
1702.91081 0.0607
1700.98226 0.05508
1699.05371 0.0522
1697.12516 0.0488
1695.19661 0.04343
1693.26806 0.03981
1691.3395 0.04063
1689.41095 0.04108
1687.4824 0.03629
1685.55385 0.03084
1683.6253 0.02857
1681.69675 0.02665
1679.7682 0.02425
1677.83965 0.02399
1675.91109 0.02534
1673.98254 0.02366
1672.05399 0.01971
1670.12544 0.0193
1668.19689 0.02308
1666.26834 0.02851
1664.33979 0.03068
1662.41123 0.03062
1660.48268 0.03243
1658.55413 0.03565
1656.62558 0.03669
1654.69703 0.03529
1652.76848 0.03642
1650.83993 0.04167
1648.91138 0.04774
1646.98282 0.05288
1645.05427 0.05365
1643.12572 0.05144
1641.19717 0.0538
1639.26862 0.06037
1637.34007 0.0651
1635.41152 0.06899
1633.48296 0.07519
1631.55441 0.08185
1629.62586 0.08709
1627.69731 0.09025
1625.76876 0.09204
1623.84021 0.097
1621.91166 0.10469
1619.98311 0.10967
1618.05455 0.11341
1616.126 0.12055
1614.19745 0.12928
1612.2689 0.13518
1610.34035 0.1373
1608.4118 0.14034
1606.48325 0.14914
1604.5547 0.16101
1602.62614 0.16871
1600.69759 0.171
1598.76904 0.17345
1596.84049 0.17984
1594.91194 0.18939
1592.98339 0.19899
1591.05484 0.20699
1589.12628 0.21723
1587.19773 0.2299
1585.26918 0.23855
1583.34063 0.24346
1581.41208 0.25078
1579.48353 0.26072
1577.55498 0.26878
1575.62643 0.27243
1573.69787 0.27349
1571.76932 0.2781
1569.84077 0.28797
1567.91222 0.29534
1565.98367 0.29864
1564.05512 0.30444
1562.12657 0.31328
1560.19801 0.32356
1558.26946 0.33569
1556.34091 0.34728
1554.41236 0.35594
1552.48381 0.36375
1550.55526 0.37184
1548.62671 0.37901
1546.69816 0.38486
1544.7696 0.38841
1542.84105 0.39208
1540.9125 0.39912
1538.98395 0.40777
1537.0554 0.4168
1535.12685 0.42495
1533.1983 0.42928
1531.26975 0.43283
1529.34119 0.44141
1527.41264 0.45223
1525.48409 0.45846
1523.55554 0.46179
1521.62699 0.46752
1519.69844 0.47559
1517.76989 0.48288
1515.84133 0.48823
1513.91278 0.49435
1511.98423 0.5038
1510.05568 0.51375
1508.12713 0.51914
1506.19858 0.52014
1504.27003 0.5215
1502.34148 0.52636
1500.41292 0.53461
1498.48437 0.54522
1496.55582 0.55474
1494.62727 0.55832
1492.69872 0.5582
1490.77017 0.56312
1488.84162 0.57654
1486.91306 0.59013
1484.98451 0.5947
1483.05596 0.59357
1481.12741 0.59373
1479.19886 0.59778
1477.27031 0.60713
1475.34176 0.61701
1473.41321 0.61977
1471.48465 0.61823
1469.5561 0.61971
1467.62755 0.62411
1465.699 0.62745
1463.77045 0.62762
1461.8419 0.6251
1459.91335 0.62569
1457.9848 0.6341
1456.05624 0.64199
1454.12769 0.64183
1452.19914 0.6416
1450.27059 0.64765
1448.34204 0.65689
1446.41349 0.66425
1444.48494 0.66662
1442.55638 0.66664
1440.62783 0.66921
1438.69928 0.67282
1436.77073 0.67398
1434.84218 0.67577
1432.91363 0.67744
1430.98508 0.67458
1429.05653 0.67056
1427.12797 0.66971
1425.19942 0.67398
1423.27087 0.68321
1421.34232 0.69346
1419.41377 0.7018
1417.48522 0.70397
1415.55667 0.69958
1413.62811 0.6966
1411.69956 0.6984
1409.77101 0.69965
1407.84246 0.69805
1405.91391 0.69898
1403.98536 0.70459
1402.05681 0.70925
1400.12826 0.70821
1398.1997 0.70255
1396.27115 0.6955
1394.3426 0.68975
1392.41405 0.68929
1390.4855 0.69509
1388.55695 0.70213
1386.6284 0.70713
1384.69985 0.71055
1382.77129 0.71201
1380.84274 0.7109
1378.91419 0.70748
1376.98564 0.70655
1375.05709 0.71227
1373.12854 0.71785
1371.19999 0.71798
1369.27143 0.71542
1367.34288 0.71177
1365.41433 0.71076
1363.48578 0.71813
1361.55723 0.7308
1359.62868 0.73809
1357.70013 0.73618
1355.77158 0.73152
1353.84302 0.73025
1351.91447 0.73252
1349.98592 0.7322
1348.05737 0.72632
1346.12882 0.72208
1344.20027 0.72431
1342.27172 0.73058
1340.34316 0.73652
1338.41461 0.73673
1336.48606 0.73116
1334.55751 0.72833
1332.62896 0.73065
1330.70041 0.73064
1328.77186 0.73036
1326.84331 0.73523
1324.91475 0.73423
1322.9862 0.72526
1321.05765 0.72272
1319.1291 0.72793
1317.20055 0.73613
1315.272 0.74378
1313.34345 0.74056
1311.4149 0.72955
1309.48634 0.72743
1307.55779 0.73801
1305.62924 0.74876
1303.70069 0.7485
1301.77214 0.74145
1299.84359 0.73901
1297.91504 0.74327
1295.98648 0.7471
1294.05793 0.74432
1292.12938 0.73825
1290.20083 0.73998
1288.27228 0.75066
1286.34373 0.75645
1284.41518 0.75247
1282.48663 0.74838
1280.55807 0.74601
1278.62952 0.74341
1276.70097 0.74541
1274.77242 0.75115
1272.84387 0.75662
1270.91532 0.76184
1268.98677 0.76434
1267.05821 0.75888
1265.12966 0.74879
1263.20111 0.74718
1261.27256 0.75731
1259.34401 0.76735
1257.41546 0.76551
1255.48691 0.75482
1253.55836 0.75116
1251.6298 0.76049
1249.70125 0.77545
1247.7727 0.78633
1245.84415 0.78269
1243.9156 0.76839
1241.98705 0.76287
1240.0585 0.77261
1238.12995 0.79011
1236.20139 0.80568
1234.27284 0.80226
1232.34429 0.78304
1230.41574 0.7797
1228.48719 0.79371
1226.55864 0.79504
1224.63009 0.78364
1222.70153 0.78446
1220.77298 0.79681
1218.84443 0.80205
1216.91588 0.80302
1214.98733 0.79952
1213.05878 0.77804
1211.13023 0.753
1209.20168 0.74998
1207.27312 0.76255
1205.34457 0.76901
1203.41602 0.76541
1201.48747 0.76579
1199.55892 0.77678
1197.63037 0.78478
1195.70182 0.78224
1193.77326 0.77835
1191.84471 0.77133
1189.91616 0.75736
1187.98761 0.74416
1186.05906 0.73855
1184.13051 0.74302
1182.20196 0.75456
1180.27341 0.76421
1178.34485 0.77009
1176.4163 0.77827
1174.48775 0.76955
1172.5592 0.72151
1170.63065 0.67664
1168.7021 0.68341
1166.77355 0.7254
1164.845 0.75258
1162.91644 0.75903
1160.98789 0.771
1159.05934 0.77382
1157.13079 0.74083
1155.20224 0.69385
1153.27369 0.66157
1151.34514 0.66138
1149.41658 0.68675
1147.48803 0.71466
1145.55948 0.73112
1143.63093 0.73149
1141.70238 0.7273
1139.77383 0.71734
1137.84528 0.68412
1135.91673 0.64133
1133.98817 0.61985
1132.05962 0.62552
1130.13107 0.61286
1128.20252 0.54602
1126.27397 0.49925
1124.34542 0.52249
1122.41687 0.55688
1120.48831 0.5491
1118.55976 0.54167
1116.63121 0.5543
1114.70266 0.57239
1112.77411 0.58843
1110.84556 0.62873
1108.91701 0.67094
1106.98846 0.665
1105.0599 0.64429
1103.13135 0.65408
1101.2028 0.65051
1099.27425 0.58515
